-- --------------------------------------------------------
-- Host:                         127.0.0.1
-- Server version:               5.5.8-log - MySQL Community Server (GPL)
-- Server OS:                    Win32
-- HeidiSQL Version:             9.1.0.4867
-- --------------------------------------------------------

/*!40101 SET @OLD_CHARACTER_SET_CLIENT=@@CHARACTER_SET_CLIENT */;
/*!40101 SET NAMES utf8mb4 */;
/*!40014 SET @OLD_FOREIGN_KEY_CHECKS=@@FOREIGN_KEY_CHECKS, FOREIGN_KEY_CHECKS=0 */;
/*!40101 SET @OLD_SQL_MODE=@@SQL_MODE, SQL_MODE='NO_AUTO_VALUE_ON_ZERO' */;

-- Dumping database structure for ekart_master
CREATE DATABASE IF NOT EXISTS `ekart_master` /*!40100 DEFAULT CHARACTER SET latin1 */;
USE `ekart_master`;


-- Dumping structure for table ekart_master.app_store
CREATE TABLE IF NOT EXISTS `app_store` (
  `app_id` int(11) NOT NULL AUTO_INCREMENT,
  `name` varchar(50) DEFAULT NULL,
  `short_info` varchar(150) DEFAULT NULL,
  `description` text,
  `category` varchar(50) DEFAULT NULL,
  `image` varchar(150) DEFAULT NULL,
  `route` varchar(50) DEFAULT NULL,
  `link` varchar(50) DEFAULT NULL,
  `type` enum('ST','MO','PG','SP','OT','IN','SC') DEFAULT 'MO' COMMENT 'ST -> Setting, MO -> Module, PG -> Payment, SP -> Shpping, OT -> Order Total, IN => Info App, SC => Section',
  `date_added` datetime DEFAULT NULL,
  `date_modified` datetime DEFAULT NULL,
  `status` enum('Y','N') DEFAULT 'Y' COMMENT 'Y -> Yes, N -> No',
  PRIMARY KEY (`app_id`)
) ENGINE=InnoDB AUTO_INCREMENT=208 DEFAULT CHARSET=latin1;

-- Dumping data for table ekart_master.app_store: ~158 rows (approximately)
/*!40000 ALTER TABLE `app_store` DISABLE KEYS */;
INSERT INTO `app_store` (`app_id`, `name`, `short_info`, `description`, `category`, `image`, `route`, `link`, `type`, `date_added`, `date_modified`, `status`) VALUES
	(1, 'Attribute', 'Attribute', 'Attribute', 'Catalog', 'view/image/apps/no_image.jpg', 'catalog/attribute', 'javascript:void()', 'MO', '2015-10-06 15:41:33', '2015-10-06 15:41:37', 'Y'),
	(2, 'Attribute Group', 'Attribute Group', 'Attribute Group', 'Catalog', 'view/image/apps/no_image.jpg', 'catalog/attribute_group', 'javascript:void()', 'MO', '2015-10-06 15:41:33', '2015-10-06 15:41:37', 'Y'),
	(3, 'Category', 'Category', 'Category', 'Catalog', 'view/image/apps/no_image.jpg', 'catalog/category', 'javascript:void()', 'MO', '2015-10-06 15:41:33', '2015-10-06 15:41:37', 'Y'),
	(4, 'Download', 'Download', 'Download', 'Catalog', 'view/image/apps/no_image.jpg', 'catalog/download', 'javascript:void()', 'MO', '2015-10-06 15:41:33', '2015-10-06 15:41:37', 'Y'),
	(5, 'Filter', 'Filter', 'Filter', 'Catalog', 'view/image/apps/no_image.jpg', 'catalog/filter', 'javascript:void()', 'MO', '2015-10-06 15:41:33', '2015-10-06 15:41:37', 'Y'),
	(6, 'Information', 'Information', 'Information', 'Catalog', 'view/image/apps/no_image.jpg', 'catalog/information', 'javascript:void()', 'MO', '2015-10-06 15:41:33', '2015-10-06 15:41:37', 'Y'),
	(7, 'Manufacturer', 'Manufacturer', 'Manufacturer', 'Catalog', 'view/image/apps/no_image.jpg', 'catalog/manufacturer', 'javascript:void()', 'MO', '2015-10-06 15:41:33', '2015-10-06 15:41:37', 'Y'),
	(8, 'Option', 'Option', 'Option', 'Catalog', 'view/image/apps/no_image.jpg', 'catalog/option', 'javascript:void()', 'MO', '2015-10-06 15:41:33', '2015-10-06 15:41:37', 'Y'),
	(9, 'Product', 'Product', 'Product', 'Catalog', 'view/image/apps/no_image.jpg', 'catalog/product', 'javascript:void()', 'MO', '2015-10-06 15:41:33', '2015-10-06 15:41:37', 'Y'),
	(10, 'Recurring', 'Recurring', 'Recurring', 'Catalog', 'view/image/apps/no_image.jpg', 'catalog/recurring', 'javascript:void()', 'MO', '2015-10-06 15:41:33', '2015-10-06 15:41:37', 'Y'),
	(11, 'Review', 'Review', 'Review', 'Catalog', 'view/image/apps/no_image.jpg', 'catalog/review', 'javascript:void()', 'MO', '2015-10-06 15:41:33', '2015-10-06 15:41:37', 'Y'),
	(12, 'Column Left', 'Column Left', 'Column Left', 'Common', 'view/image/apps/no_image.jpg', 'common/column_left', 'javascript:void()', 'MO', '2015-10-06 15:41:33', '2015-10-06 15:41:37', 'Y'),
	(13, 'Filemanager', 'Filemanager', 'Filemanager', 'Common', 'view/image/apps/no_image.jpg', 'common/filemanager', 'javascript:void()', 'MO', '2015-10-06 15:41:33', '2015-10-06 15:41:37', 'Y'),
	(14, 'Menu', 'Menu', 'Menu', 'Common', 'view/image/apps/no_image.jpg', 'common/menu', 'javascript:void()', 'MO', '2015-10-06 15:41:33', '2015-10-06 15:41:37', 'Y'),
	(15, 'Profile', 'Profile', 'Profile', 'Common', 'view/image/apps/no_image.jpg', 'common/profile', 'javascript:void()', 'MO', '2015-10-06 15:41:33', '2015-10-06 15:41:37', 'Y'),
	(16, 'Stats', 'Stats', 'Stats', 'Common', 'view/image/apps/no_image.jpg', 'common/stats', 'javascript:void()', 'MO', '2015-10-06 15:41:33', '2015-10-06 15:41:37', 'Y'),
	(17, 'Banner', 'Banner', 'Banner', 'Design', 'view/image/apps/no_image.jpg', 'design/banner', 'javascript:void()', 'MO', '2015-10-06 15:41:33', '2015-10-06 15:41:37', 'Y'),
	(18, 'Layout', 'Layout', 'Layout', 'Design', 'view/image/apps/no_image.jpg', 'design/layout', 'javascript:void()', 'MO', '2015-10-06 15:41:33', '2015-10-06 15:41:37', 'Y'),
	(19, 'Feed', 'Feed', 'Feed', 'Extension', 'view/image/apps/no_image.jpg', 'extension/feed', 'javascript:void()', 'MO', '2015-10-06 15:41:33', '2015-10-06 15:41:37', 'Y'),
	(20, 'Fraud', 'Fraud', 'Fraud', 'Extension', 'view/image/apps/no_image.jpg', 'extension/fraud', 'javascript:void()', 'MO', '2015-10-06 15:41:33', '2015-10-06 15:41:37', 'Y'),
	(21, 'Installer', 'Installer', 'Installer', 'Extension', 'view/image/apps/no_image.jpg', 'extension/installer', 'javascript:void()', 'MO', '2015-10-06 15:41:33', '2015-10-06 15:41:37', 'Y'),
	(22, 'Modification', 'Modification', 'Modification', 'Extension', 'view/image/apps/no_image.jpg', 'extension/modification', 'javascript:void()', 'MO', '2015-10-06 15:41:33', '2015-10-06 15:41:37', 'Y'),
	(23, 'Module', 'Module', 'Module', 'Extension', 'view/image/apps/no_image.jpg', 'extension/module', 'javascript:void()', 'MO', '2015-10-06 15:41:33', '2015-10-06 15:41:37', 'Y'),
	(24, 'Openbay', 'Openbay', 'Openbay', 'Extension', 'view/image/apps/no_image.jpg', 'extension/openbay', 'javascript:void()', 'MO', '2015-10-06 15:41:33', '2015-10-06 15:41:37', 'Y'),
	(25, 'Payment', 'Payment', 'Payment', 'Extension', 'view/image/apps/no_image.jpg', 'extension/payment', 'javascript:void()', 'MO', '2015-10-06 15:41:33', '2015-10-06 15:41:37', 'Y'),
	(26, 'Shipping', 'Shipping', 'Shipping', 'Extension', 'view/image/apps/no_image.jpg', 'extension/shipping', 'javascript:void()', 'MO', '2015-10-06 15:41:33', '2015-10-06 15:41:37', 'Y'),
	(27, 'Total', 'Total', 'Total', 'Extension', 'view/image/apps/no_image.jpg', 'extension/total', 'javascript:void()', 'MO', '2015-10-06 15:41:33', '2015-10-06 15:41:37', 'Y'),
	(28, 'Google Base', 'Google Base', 'Google Base', 'Feed', 'view/image/apps/no_image.jpg', 'feed/google_base', 'javascript:void()', 'MO', '2015-10-06 15:41:33', '2015-10-06 15:41:37', 'Y'),
	(29, 'Google Sitemap', 'Google Sitemap', 'Google Sitemap', 'Feed', 'view/image/apps/no_image.jpg', 'feed/google_sitemap', 'javascript:void()', 'MO', '2015-10-06 15:41:33', '2015-10-06 15:41:37', 'Y'),
	(30, 'Openbaypro', 'Openbaypro', 'Openbaypro', 'Feed', 'view/image/apps/no_image.jpg', 'feed/openbaypro', 'javascript:void()', 'MO', '2015-10-06 15:41:33', '2015-10-06 15:41:37', 'Y'),
	(31, 'Fraudlabspro', 'Fraudlabspro', 'Fraudlabspro', 'Fraud', 'view/image/apps/no_image.jpg', 'fraud/fraudlabspro', 'javascript:void()', 'MO', '2015-10-06 15:41:33', '2015-10-06 15:41:37', 'Y'),
	(32, 'Maxmind', 'Maxmind', 'Maxmind', 'Fraud', 'view/image/apps/no_image.jpg', 'fraud/maxmind', 'javascript:void()', 'MO', '2015-10-06 15:41:33', '2015-10-06 15:41:37', 'Y'),
	(33, 'Country', 'Country', 'Country', 'Localisation', 'view/image/apps/no_image.jpg', 'localisation/country', 'javascript:void()', 'MO', '2015-10-06 15:41:33', '2015-10-06 15:41:37', 'Y'),
	(34, 'Currency', 'Currency', 'Currency', 'Localisation', 'view/image/apps/no_image.jpg', 'localisation/currency', 'javascript:void()', 'MO', '2015-10-06 15:41:33', '2015-10-06 15:41:37', 'Y'),
	(35, 'Geo Zone', 'Geo Zone', 'Geo Zone', 'Localisation', 'view/image/apps/no_image.jpg', 'localisation/geo_zone', 'javascript:void()', 'MO', '2015-10-06 15:41:33', '2015-10-06 15:41:37', 'Y'),
	(36, 'Language', 'Language', 'Language', 'Localisation', 'view/image/apps/no_image.jpg', 'localisation/language', 'javascript:void()', 'MO', '2015-10-06 15:41:33', '2015-10-06 15:41:37', 'Y'),
	(37, 'Length Class', 'Length Class', 'Length Class', 'Localisation', 'view/image/apps/no_image.jpg', 'localisation/length_class', 'javascript:void()', 'MO', '2015-10-06 15:41:33', '2015-10-06 15:41:37', 'Y'),
	(38, 'Location', 'Location', 'Location', 'Localisation', 'view/image/apps/no_image.jpg', 'localisation/location', 'javascript:void()', 'MO', '2015-10-06 15:41:33', '2015-10-06 15:41:37', 'Y'),
	(39, 'Order Status', 'Order Status', 'Order Status', 'Localisation', 'view/image/apps/no_image.jpg', 'localisation/order_status', 'javascript:void()', 'MO', '2015-10-06 15:41:33', '2015-10-06 15:41:37', 'Y'),
	(40, 'Return Action', 'Return Action', 'Return Action', 'Localisation', 'view/image/apps/no_image.jpg', 'localisation/return_action', 'javascript:void()', 'MO', '2015-10-06 15:41:33', '2015-10-06 15:41:37', 'Y'),
	(41, 'Return Reason', 'Return Reason', 'Return Reason', 'Localisation', 'view/image/apps/no_image.jpg', 'localisation/return_reason', 'javascript:void()', 'MO', '2015-10-06 15:41:33', '2015-10-06 15:41:37', 'Y'),
	(42, 'Return Status', 'Return Status', 'Return Status', 'Localisation', 'view/image/apps/no_image.jpg', 'localisation/return_status', 'javascript:void()', 'MO', '2015-10-06 15:41:33', '2015-10-06 15:41:37', 'Y'),
	(43, 'Stock Status', 'Stock Status', 'Stock Status', 'Localisation', 'view/image/apps/no_image.jpg', 'localisation/stock_status', 'javascript:void()', 'MO', '2015-10-06 15:41:33', '2015-10-06 15:41:37', 'Y'),
	(44, 'Tax Class', 'Tax Class', 'Tax Class', 'Localisation', 'view/image/apps/no_image.jpg', 'localisation/tax_class', 'javascript:void()', 'MO', '2015-10-06 15:41:33', '2015-10-06 15:41:37', 'Y'),
	(45, 'Tax Rate', 'Tax Rate', 'Tax Rate', 'Localisation', 'view/image/apps/no_image.jpg', 'localisation/tax_rate', 'javascript:void()', 'MO', '2015-10-06 15:41:33', '2015-10-06 15:41:37', 'Y'),
	(46, 'Weight Class', 'Weight Class', 'Weight Class', 'Localisation', 'view/image/apps/no_image.jpg', 'localisation/weight_class', 'javascript:void()', 'MO', '2015-10-06 15:41:33', '2015-10-06 15:41:37', 'Y'),
	(47, 'Zone', 'Zone', 'Zone', 'Localisation', 'view/image/apps/no_image.jpg', 'localisation/zone', 'javascript:void()', 'MO', '2015-10-06 15:41:33', '2015-10-06 15:41:37', 'Y'),
	(48, 'Apps', 'Apps', 'Apps', 'Manage', 'view/image/apps/no_image.jpg', 'manage/apps', 'javascript:void()', 'MO', '2015-10-06 15:41:33', '2015-10-06 15:41:37', 'Y'),
	(49, 'Owners', 'Owners', 'Owners', 'Manage', 'view/image/apps/no_image.jpg', 'manage/owners', 'javascript:void()', 'MO', '2015-10-06 15:41:33', '2015-10-06 15:41:37', 'Y'),
	(50, 'Plans', 'Plans', 'Plans', 'Manage', 'view/image/apps/no_image.jpg', 'manage/plans', 'javascript:void()', 'MO', '2015-10-06 15:41:33', '2015-10-06 15:41:37', 'Y'),
	(51, 'Sites', 'Sites', 'Sites', 'Manage', 'view/image/apps/no_image.jpg', 'manage/sites', 'javascript:void()', 'MO', '2015-10-06 15:41:33', '2015-10-06 15:41:37', 'Y'),
	(52, 'Themes', 'Themes', 'Themes', 'Manage', 'view/image/apps/no_image.jpg', 'manage/themes', 'javascript:void()', 'MO', '2015-10-06 15:41:33', '2015-10-06 15:41:37', 'Y'),
	(53, 'Affiliate', 'Affiliate', 'Affiliate', 'Marketing', 'view/image/apps/no_image.jpg', 'marketing/affiliate', 'javascript:void()', 'MO', '2015-10-06 15:41:33', '2015-10-06 15:41:37', 'Y'),
	(54, 'Contact', 'Contact', 'Contact', 'Marketing', 'view/image/apps/no_image.jpg', 'marketing/contact', 'javascript:void()', 'MO', '2015-10-06 15:41:33', '2015-10-06 15:41:37', 'Y'),
	(55, 'Coupon', 'Coupon', 'Coupon', 'Marketing', 'view/image/apps/no_image.jpg', 'marketing/coupon', 'javascript:void()', 'MO', '2015-10-06 15:41:33', '2015-10-06 15:41:37', 'Y'),
	(56, 'Marketing', 'Marketing', 'Marketing', 'Marketing', 'view/image/apps/no_image.jpg', 'marketing/marketing', 'javascript:void()', 'MO', '2015-10-06 15:41:33', '2015-10-06 15:41:37', 'Y'),
	(57, 'Account', 'Account', 'Account', 'Module', 'view/image/apps/no_image.jpg', 'module/account', 'javascript:void()', 'MO', '2015-10-06 15:41:33', '2015-10-06 15:41:37', 'Y'),
	(58, 'Affiliate', 'Affiliate', 'Affiliate', 'Module', 'view/image/apps/no_image.jpg', 'module/affiliate', 'javascript:void()', 'MO', '2015-10-06 15:41:33', '2015-10-06 15:41:37', 'Y'),
	(59, 'Amazon Button', 'Amazon Button', 'Amazon Button', 'Module', 'view/image/apps/no_image.jpg', 'module/amazon_button', 'javascript:void()', 'MO', '2015-10-06 15:41:33', '2015-10-06 15:41:37', 'Y'),
	(60, 'Amazon Login', 'Amazon Login', 'Amazon Login', 'Module', 'view/image/apps/no_image.jpg', 'module/amazon_login', 'javascript:void()', 'MO', '2015-10-06 15:41:33', '2015-10-06 15:41:37', 'Y'),
	(61, 'Amazon Pay', 'Amazon Pay', 'Amazon Pay', 'Module', 'view/image/apps/no_image.jpg', 'module/amazon_pay', 'javascript:void()', 'MO', '2015-10-06 15:41:33', '2015-10-06 15:41:37', 'Y'),
	(62, 'Banner', 'Banner', 'Banner', 'Module', 'view/image/apps/no_image.jpg', 'module/banner', 'javascript:void()', 'MO', '2015-10-06 15:41:33', '2015-10-06 15:41:37', 'Y'),
	(63, 'Bestseller', 'Bestseller', 'Bestseller', 'Module', 'view/image/apps/no_image.jpg', 'module/bestseller', 'javascript:void()', 'MO', '2015-10-06 15:41:33', '2015-10-06 15:41:37', 'Y'),
	(64, 'Carousel', 'Carousel', 'Carousel', 'Module', 'view/image/apps/no_image.jpg', 'module/carousel', 'javascript:void()', 'MO', '2015-10-06 15:41:33', '2015-10-06 15:41:37', 'Y'),
	(65, 'Category', 'Category', 'Category', 'Module', 'view/image/apps/no_image.jpg', 'module/category', 'javascript:void()', 'MO', '2015-10-06 15:41:33', '2015-10-06 15:41:37', 'Y'),
	(66, 'Ebay Listing', 'Ebay Listing', 'Ebay Listing', 'Module', 'view/image/apps/no_image.jpg', 'module/ebay_listing', 'javascript:void()', 'MO', '2015-10-06 15:41:33', '2015-10-06 15:41:37', 'Y'),
	(67, 'Featured', 'Featured', 'Featured', 'Module', 'view/image/apps/no_image.jpg', 'module/featured', 'javascript:void()', 'MO', '2015-10-06 15:41:33', '2015-10-06 15:41:37', 'Y'),
	(68, 'Filter', 'Filter', 'Filter', 'Module', 'view/image/apps/no_image.jpg', 'module/filter', 'javascript:void()', 'MO', '2015-10-06 15:41:33', '2015-10-06 15:41:37', 'Y'),
	(69, 'Google Hangouts', 'Google Hangouts', 'Google Hangouts', 'Module', 'view/image/apps/no_image.jpg', 'module/google_hangouts', 'javascript:void()', 'MO', '2015-10-06 15:41:33', '2015-10-06 15:41:37', 'Y'),
	(70, 'Html', 'Html', 'Html', 'Module', 'view/image/apps/no_image.jpg', 'module/html', 'javascript:void()', 'MO', '2015-10-06 15:41:33', '2015-10-06 15:41:37', 'Y'),
	(71, 'Information', 'Information', 'Information', 'Module', 'view/image/apps/no_image.jpg', 'module/information', 'javascript:void()', 'MO', '2015-10-06 15:41:33', '2015-10-06 15:41:37', 'Y'),
	(72, 'Latest', 'Latest', 'Latest', 'Module', 'view/image/apps/no_image.jpg', 'module/latest', 'javascript:void()', 'MO', '2015-10-06 15:41:33', '2015-10-06 15:41:37', 'Y'),
	(73, 'Pavbannerbuilder', 'Pavbannerbuilder', 'Pavbannerbuilder', 'Module', 'view/image/apps/no_image.jpg', 'module/pavbannerbuilder', 'javascript:void()', 'MO', '2015-10-06 15:41:33', '2015-10-06 15:41:37', 'Y'),
	(74, 'Pavblog', 'Pavblog', 'Pavblog', 'Module', 'view/image/apps/no_image.jpg', 'module/pavblog', 'javascript:void()', 'MO', '2015-10-06 15:41:33', '2015-10-06 15:41:37', 'Y'),
	(75, 'Pavblogcategory', 'Pavblogcategory', 'Pavblogcategory', 'Module', 'view/image/apps/no_image.jpg', 'module/pavblogcategory', 'javascript:void()', 'MO', '2015-10-06 15:41:33', '2015-10-06 15:41:37', 'Y'),
	(76, 'Pavblogcomment', 'Pavblogcomment', 'Pavblogcomment', 'Module', 'view/image/apps/no_image.jpg', 'module/pavblogcomment', 'javascript:void()', 'MO', '2015-10-06 15:41:33', '2015-10-06 15:41:37', 'Y'),
	(77, 'Pavbloglatest', 'Pavbloglatest', 'Pavbloglatest', 'Module', 'view/image/apps/no_image.jpg', 'module/pavbloglatest', 'javascript:void()', 'MO', '2015-10-06 15:41:33', '2015-10-06 15:41:37', 'Y'),
	(78, 'Pavcarousel', 'Pavcarousel', 'Pavcarousel', 'Module', 'view/image/apps/no_image.jpg', 'module/pavcarousel', 'javascript:void()', 'MO', '2015-10-06 15:41:33', '2015-10-06 15:41:37', 'Y'),
	(79, 'Pavcustom', 'Pavcustom', 'Pavcustom', 'Module', 'view/image/apps/no_image.jpg', 'module/pavcustom', 'javascript:void()', 'MO', '2015-10-06 15:41:33', '2015-10-06 15:41:37', 'Y'),
	(80, 'Pavdeals', 'Pavdeals', 'Pavdeals', 'Module', 'view/image/apps/no_image.jpg', 'module/pavdeals', 'javascript:void()', 'MO', '2015-10-06 15:41:33', '2015-10-06 15:41:37', 'Y'),
	(81, 'Pavhomebuilder', 'Pavhomebuilder', 'Pavhomebuilder', 'Module', 'view/image/apps/no_image.jpg', 'module/pavhomebuilder', 'javascript:void()', 'MO', '2015-10-06 15:41:33', '2015-10-06 15:41:37', 'Y'),
	(82, 'Pavmegamenu', 'Pavmegamenu', 'Pavmegamenu', 'Module', 'view/image/apps/no_image.jpg', 'module/pavmegamenu', 'javascript:void()', 'MO', '2015-10-06 15:41:33', '2015-10-06 15:41:37', 'Y'),
	(83, 'Pavnewsletter', 'Pavnewsletter', 'Pavnewsletter', 'Module', 'view/image/apps/no_image.jpg', 'module/pavnewsletter', 'javascript:void()', 'MO', '2015-10-06 15:41:33', '2015-10-06 15:41:37', 'Y'),
	(84, 'Pavpopulartags', 'Pavpopulartags', 'Pavpopulartags', 'Module', 'view/image/apps/no_image.jpg', 'module/pavpopulartags', 'javascript:void()', 'MO', '2015-10-06 15:41:33', '2015-10-06 15:41:37', 'Y'),
	(85, 'Pavproducts', 'Pavproducts', 'Pavproducts', 'Module', 'view/image/apps/no_image.jpg', 'module/pavproducts', 'javascript:void()', 'MO', '2015-10-06 15:41:33', '2015-10-06 15:41:37', 'Y'),
	(86, 'Pavproducttabs', 'Pavproducttabs', 'Pavproducttabs', 'Module', 'view/image/apps/no_image.jpg', 'module/pavproducttabs', 'javascript:void()', 'MO', '2015-10-06 15:41:33', '2015-10-06 15:41:37', 'Y'),
	(87, 'Pavreassurance', 'Pavreassurance', 'Pavreassurance', 'Module', 'view/image/apps/no_image.jpg', 'module/pavreassurance', 'javascript:void()', 'MO', '2015-10-06 15:41:33', '2015-10-06 15:41:37', 'Y'),
	(88, 'Pavsliderlayer', 'Pavsliderlayer', 'Pavsliderlayer', 'Module', 'view/image/apps/no_image.jpg', 'module/pavsliderlayer', 'javascript:void()', 'MO', '2015-10-06 15:41:33', '2015-10-06 15:41:37', 'Y'),
	(89, 'Pavtestimonial', 'Pavtestimonial', 'Pavtestimonial', 'Module', 'view/image/apps/no_image.jpg', 'module/pavtestimonial', 'javascript:void()', 'MO', '2015-10-06 15:41:33', '2015-10-06 15:41:37', 'Y'),
	(90, 'Pavtwitter', 'Pavtwitter', 'Pavtwitter', 'Module', 'view/image/apps/no_image.jpg', 'module/pavtwitter', 'javascript:void()', 'MO', '2015-10-06 15:41:33', '2015-10-06 15:41:37', 'Y'),
	(91, 'Pavverticalmenu', 'Pavverticalmenu', 'Pavverticalmenu', 'Module', 'view/image/apps/no_image.jpg', 'module/pavverticalmenu', 'javascript:void()', 'MO', '2015-10-06 15:41:33', '2015-10-06 15:41:37', 'Y'),
	(92, 'Paypal Button', 'Paypal Button', 'Paypal Button', 'Module', 'view/image/apps/no_image.jpg', 'module/pp_button', 'javascript:void()', 'MO', '2015-10-06 15:41:33', '2015-10-06 15:41:37', 'Y'),
	(93, 'Paypal Login', 'Paypal Login', 'Paypal Login', 'Module', 'view/image/apps/no_image.jpg', 'module/pp_login', 'javascript:void()', 'MO', '2015-10-06 15:41:33', '2015-10-06 15:41:37', 'Y'),
	(94, 'Slideshow', 'Slideshow', 'Slideshow', 'Module', 'view/image/apps/no_image.jpg', 'module/slideshow', 'javascript:void()', 'MO', '2015-10-06 15:41:33', '2015-10-06 15:41:37', 'Y'),
	(95, 'Special', 'Special', 'Special', 'Module', 'view/image/apps/no_image.jpg', 'module/special', 'javascript:void()', 'MO', '2015-10-06 15:41:33', '2015-10-06 15:41:37', 'Y'),
	(96, 'Store', 'Store', 'Store', 'Module', 'view/image/apps/no_image.jpg', 'module/store', 'javascript:void()', 'MO', '2015-10-06 15:41:33', '2015-10-06 15:41:37', 'Y'),
	(97, 'Themecontrol', 'Themecontrol', 'Themecontrol', 'Module', 'view/image/apps/no_image.jpg', 'module/themecontrol', 'javascript:void()', 'MO', '2015-10-06 15:41:33', '2015-10-06 15:41:37', 'Y'),
	(98, 'Amazon', 'Amazon', 'Amazon', 'Openbay', 'view/image/apps/no_image.jpg', 'openbay/amazon', 'javascript:void()', 'MO', '2015-10-06 15:41:33', '2015-10-06 15:41:37', 'Y'),
	(99, 'Amazon Listing', 'Amazon Listing', 'Amazon Listing', 'Openbay', 'view/image/apps/no_image.jpg', 'openbay/amazon_listing', 'javascript:void()', 'MO', '2015-10-06 15:41:33', '2015-10-06 15:41:37', 'Y'),
	(100, 'Amazon Product', 'Amazon Product', 'Amazon Product', 'Openbay', 'view/image/apps/no_image.jpg', 'openbay/amazon_product', 'javascript:void()', 'MO', '2015-10-06 15:41:33', '2015-10-06 15:41:37', 'Y'),
	(101, 'Amazonus', 'Amazonus', 'Amazonus', 'Openbay', 'view/image/apps/no_image.jpg', 'openbay/amazonus', 'javascript:void()', 'MO', '2015-10-06 15:41:33', '2015-10-06 15:41:37', 'Y'),
	(102, 'Amazonus Listing', 'Amazonus Listing', 'Amazonus Listing', 'Openbay', 'view/image/apps/no_image.jpg', 'openbay/amazonus_listing', 'javascript:void()', 'MO', '2015-10-06 15:41:33', '2015-10-06 15:41:37', 'Y'),
	(103, 'Amazonus Product', 'Amazonus Product', 'Amazonus Product', 'Openbay', 'view/image/apps/no_image.jpg', 'openbay/amazonus_product', 'javascript:void()', 'MO', '2015-10-06 15:41:33', '2015-10-06 15:41:37', 'Y'),
	(104, 'Ebay', 'Ebay', 'Ebay', 'Openbay', 'view/image/apps/no_image.jpg', 'openbay/ebay', 'javascript:void()', 'MO', '2015-10-06 15:41:33', '2015-10-06 15:41:37', 'Y'),
	(105, 'Ebay Profile', 'Ebay Profile', 'Ebay Profile', 'Openbay', 'view/image/apps/no_image.jpg', 'openbay/ebay_profile', 'javascript:void()', 'MO', '2015-10-06 15:41:33', '2015-10-06 15:41:37', 'Y'),
	(106, 'Ebay Template', 'Ebay Template', 'Ebay Template', 'Openbay', 'view/image/apps/no_image.jpg', 'openbay/ebay_template', 'javascript:void()', 'MO', '2015-10-06 15:41:33', '2015-10-06 15:41:37', 'Y'),
	(107, 'Etsy', 'Etsy', 'Etsy', 'Openbay', 'view/image/apps/no_image.jpg', 'openbay/etsy', 'javascript:void()', 'MO', '2015-10-06 15:41:33', '2015-10-06 15:41:37', 'Y'),
	(108, 'Etsy Product', 'Etsy Product', 'Etsy Product', 'Openbay', 'view/image/apps/no_image.jpg', 'openbay/etsy_product', 'javascript:void()', 'MO', '2015-10-06 15:41:33', '2015-10-06 15:41:37', 'Y'),
	(109, 'Etsy Shipping', 'Etsy Shipping', 'Etsy Shipping', 'Openbay', 'view/image/apps/no_image.jpg', 'openbay/etsy_shipping', 'javascript:void()', 'MO', '2015-10-06 15:41:33', '2015-10-06 15:41:37', 'Y'),
	(110, 'Etsy Shop', 'Etsy Shop', 'Etsy Shop', 'Openbay', 'view/image/apps/no_image.jpg', 'openbay/etsy_shop', 'javascript:void()', 'MO', '2015-10-06 15:41:33', '2015-10-06 15:41:37', 'Y'),
	(111, 'Amazon Checkout', 'Amazon Checkout', 'Amazon Checkout', 'Payment', 'view/image/apps/no_image.jpg', 'payment/amazon_checkout', 'javascript:void()', 'MO', '2015-10-06 15:41:33', '2015-10-06 15:41:37', 'Y'),
	(112, 'Amazon Login Pay', 'Amazon Login Pay', 'Amazon Login Pay', 'Payment', 'view/image/apps/no_image.jpg', 'payment/amazon_login_pay', 'javascript:void()', 'MO', '2015-10-06 15:41:33', '2015-10-06 15:41:37', 'Y'),
	(113, 'Authorizenet Aim', 'Authorizenet Aim', 'Authorizenet Aim', 'Payment', 'view/image/apps/no_image.jpg', 'payment/authorizenet_aim', 'javascript:void()', 'MO', '2015-10-06 15:41:33', '2015-10-06 15:41:37', 'Y'),
	(114, 'Authorizenet Sim', 'Authorizenet Sim', 'Authorizenet Sim', 'Payment', 'view/image/apps/no_image.jpg', 'payment/authorizenet_sim', 'javascript:void()', 'MO', '2015-10-06 15:41:33', '2015-10-06 15:41:37', 'Y'),
	(115, 'Bank Transfer', 'Bank Transfer', 'Bank Transfer', 'Payment', 'view/image/apps/no_image.jpg', 'payment/bank_transfer', 'javascript:void()', 'MO', '2015-10-06 15:41:33', '2015-10-06 15:41:37', 'Y'),
	(116, 'Bluepay Hosted', 'Bluepay Hosted', 'Bluepay Hosted', 'Payment', 'view/image/apps/no_image.jpg', 'payment/bluepay_hosted', 'javascript:void()', 'MO', '2015-10-06 15:41:33', '2015-10-06 15:41:37', 'Y'),
	(117, 'Bluepay Redirect', 'Bluepay Redirect', 'Bluepay Redirect', 'Payment', 'view/image/apps/no_image.jpg', 'payment/bluepay_redirect', 'javascript:void()', 'MO', '2015-10-06 15:41:33', '2015-10-06 15:41:37', 'Y'),
	(118, 'Cheque', 'Cheque', 'Cheque', 'Payment', 'view/image/apps/no_image.jpg', 'payment/cheque', 'javascript:void()', 'MO', '2015-10-06 15:41:33', '2015-10-06 15:41:37', 'Y'),
	(119, 'Cod', 'Cod', 'Cod', 'Payment', 'view/image/apps/no_image.jpg', 'payment/cod', 'javascript:void()', 'MO', '2015-10-06 15:41:33', '2015-10-06 15:41:37', 'Y'),
	(120, 'Firstdata', 'Firstdata', 'Firstdata', 'Payment', 'view/image/apps/no_image.jpg', 'payment/firstdata', 'javascript:void()', 'MO', '2015-10-06 15:41:33', '2015-10-06 15:41:37', 'Y'),
	(121, 'Firstdata Remote', 'Firstdata Remote', 'Firstdata Remote', 'Payment', 'view/image/apps/no_image.jpg', 'payment/firstdata_remote', 'javascript:void()', 'MO', '2015-10-06 15:41:33', '2015-10-06 15:41:37', 'Y'),
	(122, 'Free Checkout', 'Free Checkout', 'Free Checkout', 'Payment', 'view/image/apps/no_image.jpg', 'payment/free_checkout', 'javascript:void()', 'MO', '2015-10-06 15:41:33', '2015-10-06 15:41:37', 'Y'),
	(123, 'G2apay', 'G2apay', 'G2apay', 'Payment', 'view/image/apps/no_image.jpg', 'payment/g2apay', 'javascript:void()', 'MO', '2015-10-06 15:41:33', '2015-10-06 15:41:37', 'Y'),
	(124, 'Globalpay', 'Globalpay', 'Globalpay', 'Payment', 'view/image/apps/no_image.jpg', 'payment/globalpay', 'javascript:void()', 'MO', '2015-10-06 15:41:33', '2015-10-06 15:41:37', 'Y'),
	(125, 'Globalpay Remote', 'Globalpay Remote', 'Globalpay Remote', 'Payment', 'view/image/apps/no_image.jpg', 'payment/globalpay_remote', 'javascript:void()', 'MO', '2015-10-06 15:41:33', '2015-10-06 15:41:37', 'Y'),
	(126, 'Klarna Account', 'Klarna Account', 'Klarna Account', 'Payment', 'view/image/apps/no_image.jpg', 'payment/klarna_account', 'javascript:void()', 'MO', '2015-10-06 15:41:33', '2015-10-06 15:41:37', 'Y'),
	(127, 'Klarna Invoice', 'Klarna Invoice', 'Klarna Invoice', 'Payment', 'view/image/apps/no_image.jpg', 'payment/klarna_invoice', 'javascript:void()', 'MO', '2015-10-06 15:41:33', '2015-10-06 15:41:37', 'Y'),
	(128, 'Liqpay', 'Liqpay', 'Liqpay', 'Payment', 'view/image/apps/no_image.jpg', 'payment/liqpay', 'javascript:void()', 'MO', '2015-10-06 15:41:33', '2015-10-06 15:41:37', 'Y'),
	(129, 'Nochex', 'Nochex', 'Nochex', 'Payment', 'view/image/apps/no_image.jpg', 'payment/nochex', 'javascript:void()', 'MO', '2015-10-06 15:41:33', '2015-10-06 15:41:37', 'Y'),
	(130, 'Paymate', 'Paymate', 'Paymate', 'Payment', 'view/image/apps/no_image.jpg', 'payment/paymate', 'javascript:void()', 'MO', '2015-10-06 15:41:33', '2015-10-06 15:41:37', 'Y'),
	(131, 'Paypoint', 'Paypoint', 'Paypoint', 'Payment', 'view/image/apps/no_image.jpg', 'payment/paypoint', 'javascript:void()', 'MO', '2015-10-06 15:41:33', '2015-10-06 15:41:37', 'Y'),
	(132, 'Payza', 'Payza', 'Payza', 'Payment', 'view/image/apps/no_image.jpg', 'payment/payza', 'javascript:void()', 'MO', '2015-10-06 15:41:33', '2015-10-06 15:41:37', 'Y'),
	(133, 'Perpetual Payments', 'Perpetual Payments', 'Perpetual Payments', 'Payment', 'view/image/apps/no_image.jpg', 'payment/perpetual_payments', 'javascript:void()', 'MO', '2015-10-06 15:41:33', '2015-10-06 15:41:37', 'Y'),
	(134, 'Paypal Express', 'Paypal Express', 'Paypal Express', 'Payment', 'view/image/apps/no_image.jpg', 'payment/pp_express', 'javascript:void()', 'MO', '2015-10-06 15:41:33', '2015-10-06 15:41:37', 'Y'),
	(135, 'Paypal Payflow', 'Paypal Payflow', 'Paypal Payflow', 'Payment', 'view/image/apps/no_image.jpg', 'payment/pp_payflow', 'javascript:void()', 'MO', '2015-10-06 15:41:33', '2015-10-06 15:41:37', 'Y'),
	(136, 'Paypal Payflow Iframe', 'Paypal Payflow Iframe', 'Paypal Payflow Iframe', 'Payment', 'view/image/apps/no_image.jpg', 'payment/pp_payflow_iframe', 'javascript:void()', 'MO', '2015-10-06 15:41:33', '2015-10-06 15:41:37', 'Y'),
	(137, 'Paypal Pro', 'Paypal Pro', 'Paypal Pro', 'Payment', 'view/image/apps/no_image.jpg', 'payment/pp_pro', 'javascript:void()', 'MO', '2015-10-06 15:41:33', '2015-10-06 15:41:37', 'Y'),
	(138, 'Paypal Pro Iframe', 'Paypal Pro Iframe', 'Paypal Pro Iframe', 'Payment', 'view/image/apps/no_image.jpg', 'payment/pp_pro_iframe', 'javascript:void()', 'MO', '2015-10-06 15:41:33', '2015-10-06 15:41:37', 'Y'),
	(139, 'Paypal Standard', 'Paypal Standard', 'Paypal Standard', 'Payment', 'view/image/apps/no_image.jpg', 'payment/pp_standard', 'javascript:void()', 'MO', '2015-10-06 15:41:33', '2015-10-06 15:41:37', 'Y'),
	(140, 'Realex', 'Realex', 'Realex', 'Payment', 'view/image/apps/no_image.jpg', 'payment/realex', 'javascript:void()', 'MO', '2015-10-06 15:41:33', '2015-10-06 15:41:37', 'Y'),
	(141, 'Realex Remote', 'Realex Remote', 'Realex Remote', 'Payment', 'view/image/apps/no_image.jpg', 'payment/realex_remote', 'javascript:void()', 'MO', '2015-10-06 15:41:33', '2015-10-06 15:41:37', 'Y'),
	(142, 'Sagepay Direct', 'Sagepay Direct', 'Sagepay Direct', 'Payment', 'view/image/apps/no_image.jpg', 'payment/sagepay_direct', 'javascript:void()', 'MO', '2015-10-06 15:41:33', '2015-10-06 15:41:37', 'Y'),
	(143, 'Sagepay Server', 'Sagepay Server', 'Sagepay Server', 'Payment', 'view/image/apps/no_image.jpg', 'payment/sagepay_server', 'javascript:void()', 'MO', '2015-10-06 15:41:33', '2015-10-06 15:41:37', 'Y'),
	(144, 'Sagepay Us', 'Sagepay Us', 'Sagepay Us', 'Payment', 'view/image/apps/no_image.jpg', 'payment/sagepay_us', 'javascript:void()', 'MO', '2015-10-06 15:41:33', '2015-10-06 15:41:37', 'Y'),
	(145, 'Securetrading Pp', 'Securetrading Pp', 'Securetrading Pp', 'Payment', 'view/image/apps/no_image.jpg', 'payment/securetrading_pp', 'javascript:void()', 'MO', '2015-10-06 15:41:33', '2015-10-06 15:41:37', 'Y'),
	(146, 'Securetrading Ws', 'Securetrading Ws', 'Securetrading Ws', 'Payment', 'view/image/apps/no_image.jpg', 'payment/securetrading_ws', 'javascript:void()', 'MO', '2015-10-06 15:41:33', '2015-10-06 15:41:37', 'Y'),
	(147, 'Skrill', 'Skrill', 'Skrill', 'Payment', 'view/image/apps/no_image.jpg', 'payment/skrill', 'javascript:void()', 'MO', '2015-10-06 15:41:33', '2015-10-06 15:41:37', 'Y'),
	(148, 'Twocheckout', 'Twocheckout', 'Twocheckout', 'Payment', 'view/image/apps/no_image.jpg', 'payment/twocheckout', 'javascript:void()', 'MO', '2015-10-06 15:41:33', '2015-10-06 15:41:37', 'Y'),
	(149, 'Web Payment Software', 'Web Payment Software', 'Web Payment Software', 'Payment', 'view/image/apps/no_image.jpg', 'payment/web_payment_software', 'javascript:void()', 'MO', '2015-10-06 15:41:33', '2015-10-06 15:41:37', 'Y'),
	(150, 'Worldpay', 'Worldpay', 'Worldpay', 'Payment', 'view/image/apps/no_image.jpg', 'payment/worldpay', 'javascript:void()', 'MO', '2015-10-06 15:41:33', '2015-10-06 15:41:37', 'Y'),
	(151, 'Affiliate', 'Affiliate', 'Affiliate', 'Report', 'view/image/apps/no_image.jpg', 'report/affiliate', 'javascript:void()', 'MO', '2015-10-06 15:41:33', '2015-10-06 15:41:37', 'Y'),
	(152, 'Affiliate Activity', 'Affiliate Activity', 'Affiliate Activity', 'Report', 'view/image/apps/no_image.jpg', 'report/affiliate_activity', 'javascript:void()', 'MO', '2015-10-06 15:41:33', '2015-10-06 15:41:37', 'Y'),
	(153, 'Affiliate Login', 'Affiliate Login', 'Affiliate Login', 'Report', 'view/image/apps/no_image.jpg', 'report/affiliate_login', 'javascript:void()', 'MO', '2015-10-06 15:41:33', '2015-10-06 15:41:37', 'Y'),
	(154, 'Customer Activity', 'Customer Activity', 'Customer Activity', 'Report', 'view/image/apps/no_image.jpg', 'report/customer_activity', 'javascript:void()', 'MO', '2015-10-06 15:41:33', '2015-10-06 15:41:37', 'Y'),
	(155, 'Customer Credit', 'Customer Credit', 'Customer Credit', 'Report', 'view/image/apps/no_image.jpg', 'report/customer_credit', 'javascript:void()', 'MO', '2015-10-06 15:41:33', '2015-10-06 15:41:37', 'Y'),
	(156, 'Customer Login', 'Customer Login', 'Customer Login', 'Report', 'view/image/apps/no_image.jpg', 'report/customer_login', 'javascript:void()', 'MO', '2015-10-06 15:41:33', '2015-10-06 15:41:37', 'Y'),
	(157, 'Customer Online', 'Customer Online', 'Customer Online', 'Report', 'view/image/apps/no_image.jpg', 'report/customer_online', 'javascript:void()', 'MO', '2015-10-06 15:41:33', '2015-10-06 15:41:37', 'Y'),
	(158, 'Customer Order', 'Customer Order', 'Customer Order', 'Report', 'view/image/apps/no_image.jpg', 'report/customer_order', 'javascript:void()', 'MO', '2015-10-06 15:41:33', '2015-10-06 15:41:37', 'Y'),
	(159, 'Customer Reward', 'Customer Reward', 'Customer Reward', 'Report', 'view/image/apps/no_image.jpg', 'report/customer_reward', 'javascript:void()', 'MO', '2015-10-06 15:41:33', '2015-10-06 15:41:37', 'Y'),
	(160, 'Marketing', 'Marketing', 'Marketing', 'Report', 'view/image/apps/no_image.jpg', 'report/marketing', 'javascript:void()', 'MO', '2015-10-06 15:41:33', '2015-10-06 15:41:37', 'Y'),
	(161, 'Product Purchased', 'Product Purchased', 'Product Purchased', 'Report', 'view/image/apps/no_image.jpg', 'report/product_purchased', 'javascript:void()', 'MO', '2015-10-06 15:41:33', '2015-10-06 15:41:37', 'Y'),
	(162, 'Product Viewed', 'Product Viewed', 'Product Viewed', 'Report', 'view/image/apps/no_image.jpg', 'report/product_viewed', 'javascript:void()', 'MO', '2015-10-06 15:41:33', '2015-10-06 15:41:37', 'Y'),
	(163, 'Sale Coupon', 'Sale Coupon', 'Sale Coupon', 'Report', 'view/image/apps/no_image.jpg', 'report/sale_coupon', 'javascript:void()', 'MO', '2015-10-06 15:41:33', '2015-10-06 15:41:37', 'Y'),
	(164, 'Sale Order', 'Sale Order', 'Sale Order', 'Report', 'view/image/apps/no_image.jpg', 'report/sale_order', 'javascript:void()', 'MO', '2015-10-06 15:41:33', '2015-10-06 15:41:37', 'Y'),
	(165, 'Sale Return', 'Sale Return', 'Sale Return', 'Report', 'view/image/apps/no_image.jpg', 'report/sale_return', 'javascript:void()', 'MO', '2015-10-06 15:41:33', '2015-10-06 15:41:37', 'Y'),
	(166, 'Sale Shipping', 'Sale Shipping', 'Sale Shipping', 'Report', 'view/image/apps/no_image.jpg', 'report/sale_shipping', 'javascript:void()', 'MO', '2015-10-06 15:41:33', '2015-10-06 15:41:37', 'Y'),
	(167, 'Sale Tax', 'Sale Tax', 'Sale Tax', 'Report', 'view/image/apps/no_image.jpg', 'report/sale_tax', 'javascript:void()', 'MO', '2015-10-06 15:41:33', '2015-10-06 15:41:37', 'Y'),
	(168, 'Custom Field', 'Custom Field', 'Custom Field', 'Sale', 'view/image/apps/no_image.jpg', 'sale/custom_field', 'javascript:void()', 'MO', '2015-10-06 15:41:33', '2015-10-06 15:41:37', 'Y'),
	(169, 'Customer', 'Customer', 'Customer', 'Sale', 'view/image/apps/no_image.jpg', 'sale/customer', 'javascript:void()', 'MO', '2015-10-06 15:41:33', '2015-10-06 15:41:37', 'Y'),
	(170, 'Customer Ban Ip', 'Customer Ban Ip', 'Customer Ban Ip', 'Sale', 'view/image/apps/no_image.jpg', 'sale/customer_ban_ip', 'javascript:void()', 'MO', '2015-10-06 15:41:33', '2015-10-06 15:41:37', 'Y'),
	(171, 'Customer Group', 'Customer Group', 'Customer Group', 'Sale', 'view/image/apps/no_image.jpg', 'sale/customer_group', 'javascript:void()', 'MO', '2015-10-06 15:41:33', '2015-10-06 15:41:37', 'Y'),
	(172, 'Order', 'Order', 'Order', 'Sale', 'view/image/apps/no_image.jpg', 'sale/order', 'javascript:void()', 'MO', '2015-10-06 15:41:33', '2015-10-06 15:41:37', 'Y'),
	(173, 'Recurring', 'Recurring', 'Recurring', 'Sale', 'view/image/apps/no_image.jpg', 'sale/recurring', 'javascript:void()', 'MO', '2015-10-06 15:41:33', '2015-10-06 15:41:37', 'Y'),
	(174, 'Return', 'Return', 'Return', 'Sale', 'view/image/apps/no_image.jpg', 'sale/return', 'javascript:void()', 'MO', '2015-10-06 15:41:33', '2015-10-06 15:41:37', 'Y'),
	(175, 'Voucher', 'Voucher', 'Voucher', 'Sale', 'view/image/apps/no_image.jpg', 'sale/voucher', 'javascript:void()', 'MO', '2015-10-06 15:41:33', '2015-10-06 15:41:37', 'Y'),
	(176, 'Voucher Theme', 'Voucher Theme', 'Voucher Theme', 'Sale', 'view/image/apps/no_image.jpg', 'sale/voucher_theme', 'javascript:void()', 'MO', '2015-10-06 15:41:33', '2015-10-06 15:41:37', 'Y'),
	(177, 'Setting', 'Setting', 'Setting', 'Setting', 'view/image/apps/no_image.jpg', 'setting/setting', 'javascript:void()', 'MO', '2015-10-06 15:41:33', '2015-10-06 15:41:37', 'Y'),
	(178, 'Store', 'Store', 'Store', 'Setting', 'view/image/apps/no_image.jpg', 'setting/store', 'javascript:void()', 'MO', '2015-10-06 15:41:33', '2015-10-06 15:41:37', 'Y'),
	(179, 'Auspost', 'Auspost', 'Auspost', 'Shipping', 'view/image/apps/no_image.jpg', 'shipping/auspost', 'javascript:void()', 'MO', '2015-10-06 15:41:33', '2015-10-06 15:41:37', 'Y'),
	(180, 'Citylink', 'Citylink', 'Citylink', 'Shipping', 'view/image/apps/no_image.jpg', 'shipping/citylink', 'javascript:void()', 'MO', '2015-10-06 15:41:33', '2015-10-06 15:41:37', 'Y'),
	(181, 'Fedex', 'Fedex', 'Fedex', 'Shipping', 'view/image/apps/no_image.jpg', 'shipping/fedex', 'javascript:void()', 'MO', '2015-10-06 15:41:33', '2015-10-06 15:41:37', 'Y'),
	(182, 'Flat', 'Flat', 'Flat', 'Shipping', 'view/image/apps/no_image.jpg', 'shipping/flat', 'javascript:void()', 'MO', '2015-10-06 15:41:33', '2015-10-06 15:41:37', 'Y'),
	(183, 'Free', 'Free', 'Free', 'Shipping', 'view/image/apps/no_image.jpg', 'shipping/free', 'javascript:void()', 'MO', '2015-10-06 15:41:33', '2015-10-06 15:41:37', 'Y'),
	(184, 'Item', 'Item', 'Item', 'Shipping', 'view/image/apps/no_image.jpg', 'shipping/item', 'javascript:void()', 'MO', '2015-10-06 15:41:33', '2015-10-06 15:41:37', 'Y'),
	(185, 'Parcelforce 48', 'Parcelforce 48', 'Parcelforce 48', 'Shipping', 'view/image/apps/no_image.jpg', 'shipping/parcelforce_48', 'javascript:void()', 'MO', '2015-10-06 15:41:33', '2015-10-06 15:41:37', 'Y'),
	(186, 'Pickup', 'Pickup', 'Pickup', 'Shipping', 'view/image/apps/no_image.jpg', 'shipping/pickup', 'javascript:void()', 'MO', '2015-10-06 15:41:33', '2015-10-06 15:41:37', 'Y'),
	(187, 'Royal Mail', 'Royal Mail', 'Royal Mail', 'Shipping', 'view/image/apps/no_image.jpg', 'shipping/royal_mail', 'javascript:void()', 'MO', '2015-10-06 15:41:33', '2015-10-06 15:41:37', 'Y'),
	(188, 'Ups', 'Ups', 'Ups', 'Shipping', 'view/image/apps/no_image.jpg', 'shipping/ups', 'javascript:void()', 'MO', '2015-10-06 15:41:33', '2015-10-06 15:41:37', 'Y'),
	(189, 'Usps', 'Usps', 'Usps', 'Shipping', 'view/image/apps/no_image.jpg', 'shipping/usps', 'javascript:void()', 'MO', '2015-10-06 15:41:33', '2015-10-06 15:41:37', 'Y'),
	(190, 'Weight', 'Weight', 'Weight', 'Shipping', 'view/image/apps/no_image.jpg', 'shipping/weight', 'javascript:void()', 'MO', '2015-10-06 15:41:33', '2015-10-06 15:41:37', 'Y'),
	(191, 'Backup', 'Backup', 'Backup', 'Tool', 'view/image/apps/no_image.jpg', 'tool/backup', 'javascript:void()', 'MO', '2015-10-06 15:41:33', '2015-10-06 15:41:37', 'Y'),
	(192, 'Error Log', 'Error Log', 'Error Log', 'Tool', 'view/image/apps/no_image.jpg', 'tool/error_log', 'javascript:void()', 'MO', '2015-10-06 15:41:33', '2015-10-06 15:41:37', 'Y'),
	(193, 'Upload', 'Upload', 'Upload', 'Tool', 'view/image/apps/no_image.jpg', 'tool/upload', 'javascript:void()', 'MO', '2015-10-06 15:41:33', '2015-10-06 15:41:37', 'Y'),
	(194, 'Coupon', 'Coupon', 'Coupon', 'Total', 'view/image/apps/no_image.jpg', 'total/coupon', 'javascript:void()', 'MO', '2015-10-06 15:41:33', '2015-10-06 15:41:37', 'Y'),
	(195, 'Credit', 'Credit', 'Credit', 'Total', 'view/image/apps/no_image.jpg', 'total/credit', 'javascript:void()', 'MO', '2015-10-06 15:41:33', '2015-10-06 15:41:37', 'Y'),
	(196, 'Handling', 'Handling', 'Handling', 'Total', 'view/image/apps/no_image.jpg', 'total/handling', 'javascript:void()', 'MO', '2015-10-06 15:41:33', '2015-10-06 15:41:37', 'Y'),
	(197, 'Klarna Fee', 'Klarna Fee', 'Klarna Fee', 'Total', 'view/image/apps/no_image.jpg', 'total/klarna_fee', 'javascript:void()', 'MO', '2015-10-06 15:41:33', '2015-10-06 15:41:37', 'Y'),
	(198, 'Low Order Fee', 'Low Order Fee', 'Low Order Fee', 'Total', 'view/image/apps/no_image.jpg', 'total/low_order_fee', 'javascript:void()', 'MO', '2015-10-06 15:41:33', '2015-10-06 15:41:37', 'Y'),
	(199, 'Reward', 'Reward', 'Reward', 'Total', 'view/image/apps/no_image.jpg', 'total/reward', 'javascript:void()', 'MO', '2015-10-06 15:41:33', '2015-10-06 15:41:37', 'Y'),
	(200, 'Shipping', 'Shipping', 'Shipping', 'Total', 'view/image/apps/no_image.jpg', 'total/shipping', 'javascript:void()', 'MO', '2015-10-06 15:41:33', '2015-10-06 15:41:37', 'Y'),
	(201, 'Sub Total', 'Sub Total', 'Sub Total', 'Total', 'view/image/apps/no_image.jpg', 'total/sub_total', 'javascript:void()', 'MO', '2015-10-06 15:41:33', '2015-10-06 15:41:37', 'Y'),
	(202, 'Tax', 'Tax', 'Tax', 'Total', 'view/image/apps/no_image.jpg', 'total/tax', 'javascript:void()', 'MO', '2015-10-06 15:41:33', '2015-10-06 15:41:37', 'Y'),
	(203, 'Total', 'Total', 'Total', 'Total', 'view/image/apps/no_image.jpg', 'total/total', 'javascript:void()', 'MO', '2015-10-06 15:41:33', '2015-10-06 15:41:37', 'Y'),
	(204, 'Voucher', 'Voucher', 'Voucher', 'Total', 'view/image/apps/no_image.jpg', 'total/voucher', 'javascript:void()', 'MO', '2015-10-06 15:41:33', '2015-10-06 15:41:37', 'Y'),
	(205, 'Api', 'Api', 'Api', 'User', 'view/image/apps/no_image.jpg', 'user/api', 'javascript:void()', 'MO', '2015-10-06 15:41:33', '2015-10-06 15:41:37', 'Y'),
	(206, 'User', 'User', 'User', 'User', 'view/image/apps/no_image.jpg', 'user/user', 'javascript:void()', 'MO', '2015-10-06 15:41:33', '2015-10-06 15:41:37', 'Y'),
	(207, 'User Permission', 'User Permission', 'User Permission', 'User', 'view/image/apps/no_image.jpg', 'user/user_permission', 'javascript:void()', 'MO', '2015-10-06 15:41:33', '2015-10-06 15:41:37', 'Y');
/*!40000 ALTER TABLE `app_store` ENABLE KEYS */;


-- Dumping structure for table ekart_master.app_to_plan
CREATE TABLE IF NOT EXISTS `app_to_plan` (
  `id` bigint(20) NOT NULL AUTO_INCREMENT,
  `app_id` int(11) DEFAULT NULL,
  `plan_id` int(11) DEFAULT NULL,
  `date_added` datetime DEFAULT NULL,
  `date_modified` datetime DEFAULT NULL,
  `status` enum('Y','N') DEFAULT NULL,
  PRIMARY KEY (`id`)
) ENGINE=InnoDB AUTO_INCREMENT=208 DEFAULT CHARSET=latin1;

-- Dumping data for table ekart_master.app_to_plan: ~207 rows (approximately)
/*!40000 ALTER TABLE `app_to_plan` DISABLE KEYS */;
INSERT INTO `app_to_plan` (`id`, `app_id`, `plan_id`, `date_added`, `date_modified`, `status`) VALUES
	(1, 1, 5, '2015-10-06 16:19:20', '2015-10-06 16:19:20', 'Y'),
	(2, 2, 5, '2015-10-06 16:19:20', '2015-10-06 16:19:20', 'Y'),
	(3, 3, 5, '2015-10-06 16:19:20', '2015-10-06 16:19:20', 'Y'),
	(4, 4, 5, '2015-10-06 16:19:20', '2015-10-06 16:19:20', 'Y'),
	(5, 5, 5, '2015-10-06 16:19:20', '2015-10-06 16:19:20', 'Y'),
	(6, 6, 5, '2015-10-06 16:19:20', '2015-10-06 16:19:20', 'Y'),
	(7, 7, 5, '2015-10-06 16:19:20', '2015-10-06 16:19:20', 'Y'),
	(8, 8, 5, '2015-10-06 16:19:20', '2015-10-06 16:19:20', 'Y'),
	(9, 9, 5, '2015-10-06 16:19:20', '2015-10-06 16:19:20', 'Y'),
	(10, 10, 5, '2015-10-06 16:19:20', '2015-10-06 16:19:20', 'Y'),
	(11, 11, 5, '2015-10-06 16:19:20', '2015-10-06 16:19:20', 'Y'),
	(12, 12, 5, '2015-10-06 16:19:20', '2015-10-06 16:19:20', 'Y'),
	(13, 13, 5, '2015-10-06 16:19:20', '2015-10-06 16:19:20', 'Y'),
	(14, 14, 5, '2015-10-06 16:19:20', '2015-10-06 16:19:20', 'Y'),
	(15, 15, 5, '2015-10-06 16:19:20', '2015-10-06 16:19:20', 'Y'),
	(16, 16, 5, '2015-10-06 16:19:20', '2015-10-06 16:19:20', 'Y'),
	(17, 17, 5, '2015-10-06 16:19:20', '2015-10-06 16:19:20', 'Y'),
	(18, 18, 5, '2015-10-06 16:19:20', '2015-10-06 16:19:20', 'Y'),
	(19, 19, 5, '2015-10-06 16:19:20', '2015-10-06 16:19:20', 'Y'),
	(20, 20, 5, '2015-10-06 16:19:20', '2015-10-06 16:19:20', 'Y'),
	(21, 21, 5, '2015-10-06 16:19:20', '2015-10-06 16:19:20', 'Y'),
	(22, 22, 5, '2015-10-06 16:19:20', '2015-10-06 16:19:20', 'Y'),
	(23, 23, 5, '2015-10-06 16:19:20', '2015-10-06 16:19:20', 'Y'),
	(24, 24, 5, '2015-10-06 16:19:20', '2015-10-06 16:19:20', 'Y'),
	(25, 25, 5, '2015-10-06 16:19:20', '2015-10-06 16:19:20', 'Y'),
	(26, 26, 5, '2015-10-06 16:19:20', '2015-10-06 16:19:20', 'Y'),
	(27, 27, 5, '2015-10-06 16:19:20', '2015-10-06 16:19:20', 'Y'),
	(28, 28, 5, '2015-10-06 16:19:20', '2015-10-06 16:19:20', 'Y'),
	(29, 29, 5, '2015-10-06 16:19:20', '2015-10-06 16:19:20', 'Y'),
	(30, 30, 5, '2015-10-06 16:19:20', '2015-10-06 16:19:20', 'Y'),
	(31, 31, 5, '2015-10-06 16:19:20', '2015-10-06 16:19:20', 'Y'),
	(32, 32, 5, '2015-10-06 16:19:20', '2015-10-06 16:19:20', 'Y'),
	(33, 33, 5, '2015-10-06 16:19:20', '2015-10-06 16:19:20', 'Y'),
	(34, 34, 5, '2015-10-06 16:19:20', '2015-10-06 16:19:20', 'Y'),
	(35, 35, 5, '2015-10-06 16:19:20', '2015-10-06 16:19:20', 'Y'),
	(36, 36, 5, '2015-10-06 16:19:20', '2015-10-06 16:19:20', 'Y'),
	(37, 37, 5, '2015-10-06 16:19:20', '2015-10-06 16:19:20', 'Y'),
	(38, 38, 5, '2015-10-06 16:19:20', '2015-10-06 16:19:20', 'Y'),
	(39, 39, 5, '2015-10-06 16:19:20', '2015-10-06 16:19:20', 'Y'),
	(40, 40, 5, '2015-10-06 16:19:20', '2015-10-06 16:19:20', 'Y'),
	(41, 41, 5, '2015-10-06 16:19:20', '2015-10-06 16:19:20', 'Y'),
	(42, 42, 5, '2015-10-06 16:19:20', '2015-10-06 16:19:20', 'Y'),
	(43, 43, 5, '2015-10-06 16:19:20', '2015-10-06 16:19:20', 'Y'),
	(44, 44, 5, '2015-10-06 16:19:20', '2015-10-06 16:19:20', 'Y'),
	(45, 45, 5, '2015-10-06 16:19:20', '2015-10-06 16:19:20', 'Y'),
	(46, 46, 5, '2015-10-06 16:19:20', '2015-10-06 16:19:20', 'Y'),
	(47, 47, 5, '2015-10-06 16:19:20', '2015-10-06 16:19:20', 'Y'),
	(48, 48, 5, '2015-10-06 16:19:20', '2015-10-06 16:19:20', 'Y'),
	(49, 49, 5, '2015-10-06 16:19:20', '2015-10-06 16:19:20', 'Y'),
	(50, 50, 5, '2015-10-06 16:19:20', '2015-10-06 16:19:20', 'Y'),
	(51, 51, 5, '2015-10-06 16:19:20', '2015-10-06 16:19:20', 'Y'),
	(52, 52, 5, '2015-10-06 16:19:20', '2015-10-06 16:19:20', 'Y'),
	(53, 53, 5, '2015-10-06 16:19:20', '2015-10-06 16:19:20', 'Y'),
	(54, 54, 5, '2015-10-06 16:19:20', '2015-10-06 16:19:20', 'Y'),
	(55, 55, 5, '2015-10-06 16:19:20', '2015-10-06 16:19:20', 'Y'),
	(56, 56, 5, '2015-10-06 16:19:20', '2015-10-06 16:19:20', 'Y'),
	(57, 57, 5, '2015-10-06 16:19:20', '2015-10-06 16:19:20', 'Y'),
	(58, 58, 5, '2015-10-06 16:19:20', '2015-10-06 16:19:20', 'Y'),
	(59, 59, 5, '2015-10-06 16:19:20', '2015-10-06 16:19:20', 'Y'),
	(60, 60, 5, '2015-10-06 16:19:20', '2015-10-06 16:19:20', 'Y'),
	(61, 61, 5, '2015-10-06 16:19:20', '2015-10-06 16:19:20', 'Y'),
	(62, 62, 5, '2015-10-06 16:19:20', '2015-10-06 16:19:20', 'Y'),
	(63, 63, 5, '2015-10-06 16:19:20', '2015-10-06 16:19:20', 'Y'),
	(64, 64, 5, '2015-10-06 16:19:20', '2015-10-06 16:19:20', 'Y'),
	(65, 65, 5, '2015-10-06 16:19:20', '2015-10-06 16:19:20', 'Y'),
	(66, 66, 5, '2015-10-06 16:19:20', '2015-10-06 16:19:20', 'Y'),
	(67, 67, 5, '2015-10-06 16:19:20', '2015-10-06 16:19:20', 'Y'),
	(68, 68, 5, '2015-10-06 16:19:20', '2015-10-06 16:19:20', 'Y'),
	(69, 69, 5, '2015-10-06 16:19:20', '2015-10-06 16:19:20', 'Y'),
	(70, 70, 5, '2015-10-06 16:19:20', '2015-10-06 16:19:20', 'Y'),
	(71, 71, 5, '2015-10-06 16:19:20', '2015-10-06 16:19:20', 'Y'),
	(72, 72, 5, '2015-10-06 16:19:20', '2015-10-06 16:19:20', 'Y'),
	(73, 73, 5, '2015-10-06 16:19:20', '2015-10-06 16:19:20', 'Y'),
	(74, 74, 5, '2015-10-06 16:19:20', '2015-10-06 16:19:20', 'Y'),
	(75, 75, 5, '2015-10-06 16:19:20', '2015-10-06 16:19:20', 'Y'),
	(76, 76, 5, '2015-10-06 16:19:20', '2015-10-06 16:19:20', 'Y'),
	(77, 77, 5, '2015-10-06 16:19:20', '2015-10-06 16:19:20', 'Y'),
	(78, 78, 5, '2015-10-06 16:19:20', '2015-10-06 16:19:20', 'Y'),
	(79, 79, 5, '2015-10-06 16:19:20', '2015-10-06 16:19:20', 'Y'),
	(80, 80, 5, '2015-10-06 16:19:20', '2015-10-06 16:19:20', 'Y'),
	(81, 81, 5, '2015-10-06 16:19:20', '2015-10-06 16:19:20', 'Y'),
	(82, 82, 5, '2015-10-06 16:19:20', '2015-10-06 16:19:20', 'Y'),
	(83, 83, 5, '2015-10-06 16:19:20', '2015-10-06 16:19:20', 'Y'),
	(84, 84, 5, '2015-10-06 16:19:20', '2015-10-06 16:19:20', 'Y'),
	(85, 85, 5, '2015-10-06 16:19:20', '2015-10-06 16:19:20', 'Y'),
	(86, 86, 5, '2015-10-06 16:19:20', '2015-10-06 16:19:20', 'Y'),
	(87, 87, 5, '2015-10-06 16:19:20', '2015-10-06 16:19:20', 'Y'),
	(88, 88, 5, '2015-10-06 16:19:20', '2015-10-06 16:19:20', 'Y'),
	(89, 89, 5, '2015-10-06 16:19:20', '2015-10-06 16:19:20', 'Y'),
	(90, 90, 5, '2015-10-06 16:19:20', '2015-10-06 16:19:20', 'Y'),
	(91, 91, 5, '2015-10-06 16:19:20', '2015-10-06 16:19:20', 'Y'),
	(92, 92, 5, '2015-10-06 16:19:20', '2015-10-06 16:19:20', 'Y'),
	(93, 93, 5, '2015-10-06 16:19:20', '2015-10-06 16:19:20', 'Y'),
	(94, 94, 5, '2015-10-06 16:19:20', '2015-10-06 16:19:20', 'Y'),
	(95, 95, 5, '2015-10-06 16:19:20', '2015-10-06 16:19:20', 'Y'),
	(96, 96, 5, '2015-10-06 16:19:20', '2015-10-06 16:19:20', 'Y'),
	(97, 97, 5, '2015-10-06 16:19:20', '2015-10-06 16:19:20', 'Y'),
	(98, 98, 5, '2015-10-06 16:19:20', '2015-10-06 16:19:20', 'Y'),
	(99, 99, 5, '2015-10-06 16:19:20', '2015-10-06 16:19:20', 'Y'),
	(100, 100, 5, '2015-10-06 16:19:20', '2015-10-06 16:19:20', 'Y'),
	(101, 101, 5, '2015-10-06 16:19:20', '2015-10-06 16:19:20', 'Y'),
	(102, 102, 5, '2015-10-06 16:19:20', '2015-10-06 16:19:20', 'Y'),
	(103, 103, 5, '2015-10-06 16:19:20', '2015-10-06 16:19:20', 'Y'),
	(104, 104, 5, '2015-10-06 16:19:20', '2015-10-06 16:19:20', 'Y'),
	(105, 105, 5, '2015-10-06 16:19:20', '2015-10-06 16:19:20', 'Y'),
	(106, 106, 5, '2015-10-06 16:19:20', '2015-10-06 16:19:20', 'Y'),
	(107, 107, 5, '2015-10-06 16:19:20', '2015-10-06 16:19:20', 'Y'),
	(108, 108, 5, '2015-10-06 16:19:20', '2015-10-06 16:19:20', 'Y'),
	(109, 109, 5, '2015-10-06 16:19:20', '2015-10-06 16:19:20', 'Y'),
	(110, 110, 5, '2015-10-06 16:19:20', '2015-10-06 16:19:20', 'Y'),
	(111, 111, 5, '2015-10-06 16:19:20', '2015-10-06 16:19:20', 'Y'),
	(112, 112, 5, '2015-10-06 16:19:20', '2015-10-06 16:19:20', 'Y'),
	(113, 113, 5, '2015-10-06 16:19:20', '2015-10-06 16:19:20', 'Y'),
	(114, 114, 5, '2015-10-06 16:19:20', '2015-10-06 16:19:20', 'Y'),
	(115, 115, 5, '2015-10-06 16:19:20', '2015-10-06 16:19:20', 'Y'),
	(116, 116, 5, '2015-10-06 16:19:20', '2015-10-06 16:19:20', 'Y'),
	(117, 117, 5, '2015-10-06 16:19:20', '2015-10-06 16:19:20', 'Y'),
	(118, 118, 5, '2015-10-06 16:19:20', '2015-10-06 16:19:20', 'Y'),
	(119, 119, 5, '2015-10-06 16:19:20', '2015-10-06 16:19:20', 'Y'),
	(120, 120, 5, '2015-10-06 16:19:20', '2015-10-06 16:19:20', 'Y'),
	(121, 121, 5, '2015-10-06 16:19:20', '2015-10-06 16:19:20', 'Y'),
	(122, 122, 5, '2015-10-06 16:19:20', '2015-10-06 16:19:20', 'Y'),
	(123, 123, 5, '2015-10-06 16:19:20', '2015-10-06 16:19:20', 'Y'),
	(124, 124, 5, '2015-10-06 16:19:20', '2015-10-06 16:19:20', 'Y'),
	(125, 125, 5, '2015-10-06 16:19:20', '2015-10-06 16:19:20', 'Y'),
	(126, 126, 5, '2015-10-06 16:19:20', '2015-10-06 16:19:20', 'Y'),
	(127, 127, 5, '2015-10-06 16:19:20', '2015-10-06 16:19:20', 'Y'),
	(128, 128, 5, '2015-10-06 16:19:20', '2015-10-06 16:19:20', 'Y'),
	(129, 129, 5, '2015-10-06 16:19:20', '2015-10-06 16:19:20', 'Y'),
	(130, 130, 5, '2015-10-06 16:19:20', '2015-10-06 16:19:20', 'Y'),
	(131, 131, 5, '2015-10-06 16:19:20', '2015-10-06 16:19:20', 'Y'),
	(132, 132, 5, '2015-10-06 16:19:20', '2015-10-06 16:19:20', 'Y'),
	(133, 133, 5, '2015-10-06 16:19:20', '2015-10-06 16:19:20', 'Y'),
	(134, 134, 5, '2015-10-06 16:19:20', '2015-10-06 16:19:20', 'Y'),
	(135, 135, 5, '2015-10-06 16:19:20', '2015-10-06 16:19:20', 'Y'),
	(136, 136, 5, '2015-10-06 16:19:20', '2015-10-06 16:19:20', 'Y'),
	(137, 137, 5, '2015-10-06 16:19:20', '2015-10-06 16:19:20', 'Y'),
	(138, 138, 5, '2015-10-06 16:19:20', '2015-10-06 16:19:20', 'Y'),
	(139, 139, 5, '2015-10-06 16:19:20', '2015-10-06 16:19:20', 'Y'),
	(140, 140, 5, '2015-10-06 16:19:20', '2015-10-06 16:19:20', 'Y'),
	(141, 141, 5, '2015-10-06 16:19:20', '2015-10-06 16:19:20', 'Y'),
	(142, 142, 5, '2015-10-06 16:19:20', '2015-10-06 16:19:20', 'Y'),
	(143, 143, 5, '2015-10-06 16:19:20', '2015-10-06 16:19:20', 'Y'),
	(144, 144, 5, '2015-10-06 16:19:20', '2015-10-06 16:19:20', 'Y'),
	(145, 145, 5, '2015-10-06 16:19:20', '2015-10-06 16:19:20', 'Y'),
	(146, 146, 5, '2015-10-06 16:19:20', '2015-10-06 16:19:20', 'Y'),
	(147, 147, 5, '2015-10-06 16:19:20', '2015-10-06 16:19:20', 'Y'),
	(148, 148, 5, '2015-10-06 16:19:20', '2015-10-06 16:19:20', 'Y'),
	(149, 149, 5, '2015-10-06 16:19:20', '2015-10-06 16:19:20', 'Y'),
	(150, 150, 5, '2015-10-06 16:19:20', '2015-10-06 16:19:20', 'Y'),
	(151, 151, 5, '2015-10-06 16:19:20', '2015-10-06 16:19:20', 'Y'),
	(152, 152, 5, '2015-10-06 16:19:20', '2015-10-06 16:19:20', 'Y'),
	(153, 153, 5, '2015-10-06 16:19:20', '2015-10-06 16:19:20', 'Y'),
	(154, 154, 5, '2015-10-06 16:19:20', '2015-10-06 16:19:20', 'Y'),
	(155, 155, 5, '2015-10-06 16:19:20', '2015-10-06 16:19:20', 'Y'),
	(156, 156, 5, '2015-10-06 16:19:20', '2015-10-06 16:19:20', 'Y'),
	(157, 157, 5, '2015-10-06 16:19:20', '2015-10-06 16:19:20', 'Y'),
	(158, 158, 5, '2015-10-06 16:19:20', '2015-10-06 16:19:20', 'Y'),
	(159, 159, 5, '2015-10-06 16:19:20', '2015-10-06 16:19:20', 'Y'),
	(160, 160, 5, '2015-10-06 16:19:20', '2015-10-06 16:19:20', 'Y'),
	(161, 161, 5, '2015-10-06 16:19:20', '2015-10-06 16:19:20', 'Y'),
	(162, 162, 5, '2015-10-06 16:19:20', '2015-10-06 16:19:20', 'Y'),
	(163, 163, 5, '2015-10-06 16:19:20', '2015-10-06 16:19:20', 'Y'),
	(164, 164, 5, '2015-10-06 16:19:20', '2015-10-06 16:19:20', 'Y'),
	(165, 165, 5, '2015-10-06 16:19:20', '2015-10-06 16:19:20', 'Y'),
	(166, 166, 5, '2015-10-06 16:19:20', '2015-10-06 16:19:20', 'Y'),
	(167, 167, 5, '2015-10-06 16:19:20', '2015-10-06 16:19:20', 'Y'),
	(168, 168, 5, '2015-10-06 16:19:20', '2015-10-06 16:19:20', 'Y'),
	(169, 169, 5, '2015-10-06 16:19:20', '2015-10-06 16:19:20', 'Y'),
	(170, 170, 5, '2015-10-06 16:19:20', '2015-10-06 16:19:20', 'Y'),
	(171, 171, 5, '2015-10-06 16:19:20', '2015-10-06 16:19:20', 'Y'),
	(172, 172, 5, '2015-10-06 16:19:20', '2015-10-06 16:19:20', 'Y'),
	(173, 173, 5, '2015-10-06 16:19:20', '2015-10-06 16:19:20', 'Y'),
	(174, 174, 5, '2015-10-06 16:19:20', '2015-10-06 16:19:20', 'Y'),
	(175, 175, 5, '2015-10-06 16:19:20', '2015-10-06 16:19:20', 'Y'),
	(176, 176, 5, '2015-10-06 16:19:20', '2015-10-06 16:19:20', 'Y'),
	(177, 177, 5, '2015-10-06 16:19:20', '2015-10-06 16:19:20', 'Y'),
	(178, 178, 5, '2015-10-06 16:19:20', '2015-10-06 16:19:20', 'Y'),
	(179, 179, 5, '2015-10-06 16:19:20', '2015-10-06 16:19:20', 'Y'),
	(180, 180, 5, '2015-10-06 16:19:20', '2015-10-06 16:19:20', 'Y'),
	(181, 181, 5, '2015-10-06 16:19:20', '2015-10-06 16:19:20', 'Y'),
	(182, 182, 5, '2015-10-06 16:19:20', '2015-10-06 16:19:20', 'Y'),
	(183, 183, 5, '2015-10-06 16:19:20', '2015-10-06 16:19:20', 'Y'),
	(184, 184, 5, '2015-10-06 16:19:20', '2015-10-06 16:19:20', 'Y'),
	(185, 185, 5, '2015-10-06 16:19:20', '2015-10-06 16:19:20', 'Y'),
	(186, 186, 5, '2015-10-06 16:19:20', '2015-10-06 16:19:20', 'Y'),
	(187, 187, 5, '2015-10-06 16:19:20', '2015-10-06 16:19:20', 'Y'),
	(188, 188, 5, '2015-10-06 16:19:20', '2015-10-06 16:19:20', 'Y'),
	(189, 189, 5, '2015-10-06 16:19:20', '2015-10-06 16:19:20', 'Y'),
	(190, 190, 5, '2015-10-06 16:19:20', '2015-10-06 16:19:20', 'Y'),
	(191, 191, 5, '2015-10-06 16:19:20', '2015-10-06 16:19:20', 'Y'),
	(192, 192, 5, '2015-10-06 16:19:20', '2015-10-06 16:19:20', 'Y'),
	(193, 193, 5, '2015-10-06 16:19:20', '2015-10-06 16:19:20', 'Y'),
	(194, 194, 5, '2015-10-06 16:19:20', '2015-10-06 16:19:20', 'Y'),
	(195, 195, 5, '2015-10-06 16:19:20', '2015-10-06 16:19:20', 'Y'),
	(196, 196, 5, '2015-10-06 16:19:20', '2015-10-06 16:19:20', 'Y'),
	(197, 197, 5, '2015-10-06 16:19:20', '2015-10-06 16:19:20', 'Y'),
	(198, 198, 5, '2015-10-06 16:19:20', '2015-10-06 16:19:20', 'Y'),
	(199, 199, 5, '2015-10-06 16:19:20', '2015-10-06 16:19:20', 'Y'),
	(200, 200, 5, '2015-10-06 16:19:20', '2015-10-06 16:19:20', 'Y'),
	(201, 201, 5, '2015-10-06 16:19:20', '2015-10-06 16:19:20', 'Y'),
	(202, 202, 5, '2015-10-06 16:19:20', '2015-10-06 16:19:20', 'Y'),
	(203, 203, 5, '2015-10-06 16:19:20', '2015-10-06 16:19:20', 'Y'),
	(204, 204, 5, '2015-10-06 16:19:20', '2015-10-06 16:19:20', 'Y'),
	(205, 205, 5, '2015-10-06 16:19:20', '2015-10-06 16:19:20', 'Y'),
	(206, 206, 5, '2015-10-06 16:19:20', '2015-10-06 16:19:20', 'Y'),
	(207, 207, 5, '2015-10-06 16:19:20', '2015-10-06 16:19:20', 'Y');
/*!40000 ALTER TABLE `app_to_plan` ENABLE KEYS */;


-- Dumping structure for table ekart_master.plan_master
CREATE TABLE IF NOT EXISTS `plan_master` (
  `plan_id` int(11) NOT NULL AUTO_INCREMENT,
  `name` varchar(50) DEFAULT NULL,
  `date_added` datetime DEFAULT NULL,
  `date_modified` datetime DEFAULT NULL,
  `status` enum('Y','N') DEFAULT 'Y' COMMENT 'Y -> Yes, N -> No',
  `settings` longtext,
  PRIMARY KEY (`plan_id`)
) ENGINE=InnoDB AUTO_INCREMENT=7 DEFAULT CHARSET=latin1;

-- Dumping data for table ekart_master.plan_master: ~6 rows (approximately)
/*!40000 ALTER TABLE `plan_master` DISABLE KEYS */;
INSERT INTO `plan_master` (`plan_id`, `name`, `date_added`, `date_modified`, `status`, `settings`) VALUES
	(1, 'Free', '2015-10-06 15:57:46', '2015-10-06 15:57:48', 'Y', NULL),
	(2, 'Basic', '2015-10-06 16:02:19', '2015-10-06 16:02:24', 'Y', NULL),
	(3, 'Professional', '2015-10-06 16:02:20', '2015-10-07 06:24:40', 'Y', NULL),
	(4, 'Enterprise', '2015-10-06 16:02:21', '2015-10-06 16:02:22', 'Y', NULL),
	(5, 'Internal', '2015-10-06 16:03:07', '2015-10-06 12:47:26', 'N', NULL),
	(6, 'Trial', '2015-10-11 19:34:18', '2015-10-11 19:34:19', 'Y', NULL);
/*!40000 ALTER TABLE `plan_master` ENABLE KEYS */;


-- Dumping structure for table ekart_master.site_master
CREATE TABLE IF NOT EXISTS `site_master` (
  `site_id` bigint(20) NOT NULL AUTO_INCREMENT,
  `owner_id` int(11) DEFAULT NULL,
  `plan_id` int(11) DEFAULT NULL,
  `sub_domain` varchar(50) DEFAULT NULL,
  `domain` varchar(150) DEFAULT NULL,
  `site_type` enum('W','E','R') DEFAULT 'E' COMMENT 'W -> Web, E -> Ecom, R -> Reserve',
  `live_date` datetime DEFAULT NULL,
  `active_status` enum('Y','M','N') DEFAULT 'Y' COMMENT 'Y -> Yes, N -> No, M -> Maintence',
  `date_added` datetime DEFAULT NULL,
  `date_modified` datetime DEFAULT NULL,
  `status` enum('Y','N') DEFAULT 'Y' COMMENT 'Y -> Yes, N -> No',
  `settings` longtext,
  PRIMARY KEY (`site_id`),
  UNIQUE KEY `sub_domain` (`sub_domain`)
) ENGINE=InnoDB AUTO_INCREMENT=7 DEFAULT CHARSET=latin1;

-- Dumping data for table ekart_master.site_master: ~5 rows (approximately)
/*!40000 ALTER TABLE `site_master` DISABLE KEYS */;
INSERT INTO `site_master` (`site_id`, `owner_id`, `plan_id`, `sub_domain`, `domain`, `site_type`, `live_date`, `active_status`, `date_added`, `date_modified`, `status`, `settings`) VALUES
	(1, 1, 5, 'base', 'ekart.com', 'E', '2015-10-06 16:08:58', 'Y', '2015-10-06 16:09:00', '2015-10-06 16:09:01', 'Y', NULL),
	(3, 1, 5, 'testing', '', 'E', '2015-10-11 14:25:43', 'Y', '2015-10-11 14:25:43', '2015-10-11 14:25:43', 'Y', NULL),
	(4, 1, 5, 'testing_1', '', 'E', '2015-10-11 14:36:13', 'Y', '2015-10-11 14:36:13', '2015-10-11 14:36:13', 'Y', NULL),
	(5, 1, 5, 'testing_2', '', 'E', '2015-10-11 14:53:17', 'Y', '2015-10-11 14:53:17', '2015-10-11 14:53:17', 'Y', NULL),
	(6, 2, 5, 'suniltiwari', '', 'E', '2015-10-11 15:01:38', 'Y', '2015-10-11 15:01:38', '2015-10-11 15:01:38', 'Y', NULL);
/*!40000 ALTER TABLE `site_master` ENABLE KEYS */;


-- Dumping structure for table ekart_master.site_owners
CREATE TABLE IF NOT EXISTS `site_owners` (
  `owner_id` bigint(20) NOT NULL AUTO_INCREMENT,
  `firstname` varchar(50) DEFAULT NULL,
  `lastname` varchar(50) DEFAULT NULL,
  `email` varchar(150) DEFAULT NULL,
  `password` varchar(50) DEFAULT NULL,
  `mobile` varchar(50) DEFAULT NULL,
  `date_added` datetime DEFAULT NULL,
  `date_modified` datetime DEFAULT NULL,
  `status` enum('Y','N') DEFAULT 'Y' COMMENT 'Y -> Yes, N -> No',
  PRIMARY KEY (`owner_id`)
) ENGINE=InnoDB AUTO_INCREMENT=3 DEFAULT CHARSET=latin1;

-- Dumping data for table ekart_master.site_owners: ~2 rows (approximately)
/*!40000 ALTER TABLE `site_owners` DISABLE KEYS */;
INSERT INTO `site_owners` (`owner_id`, `firstname`, `lastname`, `email`, `password`, `mobile`, `date_added`, `date_modified`, `status`) VALUES
	(1, '', '', 'picksunil@gmail.com', 'YWRtaW5AMTIz', '9899807738', '2015-10-11 14:25:43', '2015-10-11 14:25:43', 'Y'),
	(2, '', '', 'sunil.tiwari@gmail.com', 'c3VuaWwxMjM=', '9899087738', '2015-10-11 15:01:38', '2015-10-11 15:01:38', 'Y');
/*!40000 ALTER TABLE `site_owners` ENABLE KEYS */;


-- Dumping structure for table ekart_master.theme_master
CREATE TABLE IF NOT EXISTS `theme_master` (
  `theme_id` int(11) NOT NULL AUTO_INCREMENT,
  `name` varchar(50) DEFAULT NULL,
  `folder_name` varchar(50) DEFAULT NULL,
  `short_info` varchar(150) DEFAULT NULL,
  `description` text,
  `category` varchar(50) DEFAULT NULL,
  `image` varchar(150) DEFAULT NULL,
  `demo_link` varchar(150) DEFAULT NULL,
  `date_added` datetime DEFAULT NULL,
  `date_modified` datetime DEFAULT NULL,
  `status` enum('Y','N') DEFAULT 'Y' COMMENT 'Y -> Yes, N -> No',
  PRIMARY KEY (`theme_id`)
) ENGINE=InnoDB AUTO_INCREMENT=2 DEFAULT CHARSET=latin1;

-- Dumping data for table ekart_master.theme_master: ~1 rows (approximately)
/*!40000 ALTER TABLE `theme_master` DISABLE KEYS */;
INSERT INTO `theme_master` (`theme_id`, `name`, `folder_name`, `short_info`, `description`, `category`, `image`, `demo_link`, `date_added`, `date_modified`, `status`) VALUES
	(1, 'Default', 'default', 'Default', 'Default', 'Free', 'view/image/themes/no_image.jpg', 'javascript:void()', '2015-10-06 16:07:03', '2015-10-06 16:07:04', 'Y');
/*!40000 ALTER TABLE `theme_master` ENABLE KEYS */;


-- Dumping structure for table ekart_master.url_alias
CREATE TABLE IF NOT EXISTS `url_alias` (
  `url_alias_id` int(11) NOT NULL AUTO_INCREMENT,
  `query` varchar(255) NOT NULL,
  `keyword` varchar(255) NOT NULL,
  PRIMARY KEY (`url_alias_id`),
  KEY `query` (`query`),
  KEY `keyword` (`keyword`)
) ENGINE=MyISAM AUTO_INCREMENT=8 DEFAULT CHARSET=utf8;

-- Dumping data for table ekart_master.url_alias: 4 rows
/*!40000 ALTER TABLE `url_alias` DISABLE KEYS */;
INSERT INTO `url_alias` (`url_alias_id`, `query`, `keyword`) VALUES
	(1, 'route=catalog/product', 'products'),
	(2, 'route=catalog/category', 'categories'),
	(4, 'route=setting/setting', 'settings'),
	(5, 'route=common/dashboard', 'dashboard'),
	(6, 'route=sale/customer', 'customers'),
	(7, 'route=sale/order', 'orders');
/*!40000 ALTER TABLE `url_alias` ENABLE KEYS */;


-- Dumping structure for table ekart_master.user_group
CREATE TABLE IF NOT EXISTS `user_group` (
  `user_group_id` int(11) NOT NULL AUTO_INCREMENT,
  `name` varchar(64) NOT NULL,
  `permission` text NOT NULL,
  PRIMARY KEY (`user_group_id`)
) ENGINE=MyISAM AUTO_INCREMENT=11 DEFAULT CHARSET=utf8;

-- Dumping data for table ekart_master.user_group: 2 rows
/*!40000 ALTER TABLE `user_group` DISABLE KEYS */;
INSERT INTO `user_group` (`user_group_id`, `name`, `permission`) VALUES
	(1, 'Administrator', 'a:2:{s:6:"access";a:207:{i:0;s:17:"catalog/attribute";i:1;s:23:"catalog/attribute_group";i:2;s:16:"catalog/category";i:3;s:16:"catalog/download";i:4;s:14:"catalog/filter";i:5;s:19:"catalog/information";i:6;s:20:"catalog/manufacturer";i:7;s:14:"catalog/option";i:8;s:15:"catalog/product";i:9;s:17:"catalog/recurring";i:10;s:14:"catalog/review";i:11;s:18:"common/column_left";i:12;s:18:"common/filemanager";i:13;s:11:"common/menu";i:14;s:14:"common/profile";i:15;s:12:"common/stats";i:16;s:13:"design/banner";i:17;s:13:"design/layout";i:18;s:14:"extension/feed";i:19;s:15:"extension/fraud";i:20;s:19:"extension/installer";i:21;s:22:"extension/modification";i:22;s:16:"extension/module";i:23;s:17:"extension/openbay";i:24;s:17:"extension/payment";i:25;s:18:"extension/shipping";i:26;s:15:"extension/total";i:27;s:16:"feed/google_base";i:28;s:19:"feed/google_sitemap";i:29;s:15:"feed/openbaypro";i:30;s:18:"fraud/fraudlabspro";i:31;s:13:"fraud/maxmind";i:32;s:20:"localisation/country";i:33;s:21:"localisation/currency";i:34;s:21:"localisation/geo_zone";i:35;s:21:"localisation/language";i:36;s:25:"localisation/length_class";i:37;s:21:"localisation/location";i:38;s:25:"localisation/order_status";i:39;s:26:"localisation/return_action";i:40;s:26:"localisation/return_reason";i:41;s:26:"localisation/return_status";i:42;s:25:"localisation/stock_status";i:43;s:22:"localisation/tax_class";i:44;s:21:"localisation/tax_rate";i:45;s:25:"localisation/weight_class";i:46;s:17:"localisation/zone";i:47;s:11:"manage/apps";i:48;s:13:"manage/owners";i:49;s:12:"manage/plans";i:50;s:12:"manage/sites";i:51;s:13:"manage/themes";i:52;s:19:"marketing/affiliate";i:53;s:17:"marketing/contact";i:54;s:16:"marketing/coupon";i:55;s:19:"marketing/marketing";i:56;s:14:"module/account";i:57;s:16:"module/affiliate";i:58;s:20:"module/amazon_button";i:59;s:19:"module/amazon_login";i:60;s:17:"module/amazon_pay";i:61;s:13:"module/banner";i:62;s:17:"module/bestseller";i:63;s:15:"module/carousel";i:64;s:15:"module/category";i:65;s:19:"module/ebay_listing";i:66;s:15:"module/featured";i:67;s:13:"module/filter";i:68;s:22:"module/google_hangouts";i:69;s:11:"module/html";i:70;s:18:"module/information";i:71;s:13:"module/latest";i:72;s:23:"module/pavbannerbuilder";i:73;s:14:"module/pavblog";i:74;s:22:"module/pavblogcategory";i:75;s:21:"module/pavblogcomment";i:76;s:20:"module/pavbloglatest";i:77;s:18:"module/pavcarousel";i:78;s:16:"module/pavcustom";i:79;s:15:"module/pavdeals";i:80;s:21:"module/pavhomebuilder";i:81;s:18:"module/pavmegamenu";i:82;s:20:"module/pavnewsletter";i:83;s:21:"module/pavpopulartags";i:84;s:18:"module/pavproducts";i:85;s:21:"module/pavproducttabs";i:86;s:21:"module/pavreassurance";i:87;s:21:"module/pavsliderlayer";i:88;s:21:"module/pavtestimonial";i:89;s:17:"module/pavtwitter";i:90;s:22:"module/pavverticalmenu";i:91;s:16:"module/pp_button";i:92;s:15:"module/pp_login";i:93;s:16:"module/slideshow";i:94;s:14:"module/special";i:95;s:12:"module/store";i:96;s:19:"module/themecontrol";i:97;s:14:"openbay/amazon";i:98;s:22:"openbay/amazon_listing";i:99;s:22:"openbay/amazon_product";i:100;s:16:"openbay/amazonus";i:101;s:24:"openbay/amazonus_listing";i:102;s:24:"openbay/amazonus_product";i:103;s:12:"openbay/ebay";i:104;s:20:"openbay/ebay_profile";i:105;s:21:"openbay/ebay_template";i:106;s:12:"openbay/etsy";i:107;s:20:"openbay/etsy_product";i:108;s:21:"openbay/etsy_shipping";i:109;s:17:"openbay/etsy_shop";i:110;s:23:"payment/amazon_checkout";i:111;s:24:"payment/amazon_login_pay";i:112;s:24:"payment/authorizenet_aim";i:113;s:24:"payment/authorizenet_sim";i:114;s:21:"payment/bank_transfer";i:115;s:22:"payment/bluepay_hosted";i:116;s:24:"payment/bluepay_redirect";i:117;s:14:"payment/cheque";i:118;s:11:"payment/cod";i:119;s:17:"payment/firstdata";i:120;s:24:"payment/firstdata_remote";i:121;s:21:"payment/free_checkout";i:122;s:14:"payment/g2apay";i:123;s:17:"payment/globalpay";i:124;s:24:"payment/globalpay_remote";i:125;s:22:"payment/klarna_account";i:126;s:22:"payment/klarna_invoice";i:127;s:14:"payment/liqpay";i:128;s:14:"payment/nochex";i:129;s:15:"payment/paymate";i:130;s:16:"payment/paypoint";i:131;s:13:"payment/payza";i:132;s:26:"payment/perpetual_payments";i:133;s:18:"payment/pp_express";i:134;s:18:"payment/pp_payflow";i:135;s:25:"payment/pp_payflow_iframe";i:136;s:14:"payment/pp_pro";i:137;s:21:"payment/pp_pro_iframe";i:138;s:19:"payment/pp_standard";i:139;s:14:"payment/realex";i:140;s:21:"payment/realex_remote";i:141;s:22:"payment/sagepay_direct";i:142;s:22:"payment/sagepay_server";i:143;s:18:"payment/sagepay_us";i:144;s:24:"payment/securetrading_pp";i:145;s:24:"payment/securetrading_ws";i:146;s:14:"payment/skrill";i:147;s:19:"payment/twocheckout";i:148;s:28:"payment/web_payment_software";i:149;s:16:"payment/worldpay";i:150;s:16:"report/affiliate";i:151;s:25:"report/affiliate_activity";i:152;s:22:"report/affiliate_login";i:153;s:24:"report/customer_activity";i:154;s:22:"report/customer_credit";i:155;s:21:"report/customer_login";i:156;s:22:"report/customer_online";i:157;s:21:"report/customer_order";i:158;s:22:"report/customer_reward";i:159;s:16:"report/marketing";i:160;s:24:"report/product_purchased";i:161;s:21:"report/product_viewed";i:162;s:18:"report/sale_coupon";i:163;s:17:"report/sale_order";i:164;s:18:"report/sale_return";i:165;s:20:"report/sale_shipping";i:166;s:15:"report/sale_tax";i:167;s:17:"sale/custom_field";i:168;s:13:"sale/customer";i:169;s:20:"sale/customer_ban_ip";i:170;s:19:"sale/customer_group";i:171;s:10:"sale/order";i:172;s:14:"sale/recurring";i:173;s:11:"sale/return";i:174;s:12:"sale/voucher";i:175;s:18:"sale/voucher_theme";i:176;s:15:"setting/setting";i:177;s:13:"setting/store";i:178;s:16:"shipping/auspost";i:179;s:17:"shipping/citylink";i:180;s:14:"shipping/fedex";i:181;s:13:"shipping/flat";i:182;s:13:"shipping/free";i:183;s:13:"shipping/item";i:184;s:23:"shipping/parcelforce_48";i:185;s:15:"shipping/pickup";i:186;s:19:"shipping/royal_mail";i:187;s:12:"shipping/ups";i:188;s:13:"shipping/usps";i:189;s:15:"shipping/weight";i:190;s:11:"tool/backup";i:191;s:14:"tool/error_log";i:192;s:11:"tool/upload";i:193;s:12:"total/coupon";i:194;s:12:"total/credit";i:195;s:14:"total/handling";i:196;s:16:"total/klarna_fee";i:197;s:19:"total/low_order_fee";i:198;s:12:"total/reward";i:199;s:14:"total/shipping";i:200;s:15:"total/sub_total";i:201;s:9:"total/tax";i:202;s:11:"total/total";i:203;s:13:"total/voucher";i:204;s:8:"user/api";i:205;s:9:"user/user";i:206;s:20:"user/user_permission";}s:6:"modify";a:206:{i:0;s:17:"catalog/attribute";i:1;s:23:"catalog/attribute_group";i:2;s:16:"catalog/category";i:3;s:16:"catalog/download";i:4;s:14:"catalog/filter";i:5;s:19:"catalog/information";i:6;s:20:"catalog/manufacturer";i:7;s:14:"catalog/option";i:8;s:15:"catalog/product";i:9;s:17:"catalog/recurring";i:10;s:14:"catalog/review";i:11;s:18:"common/column_left";i:12;s:18:"common/filemanager";i:13;s:11:"common/menu";i:14;s:14:"common/profile";i:15;s:12:"common/stats";i:16;s:13:"design/banner";i:17;s:13:"design/layout";i:18;s:14:"extension/feed";i:19;s:15:"extension/fraud";i:20;s:19:"extension/installer";i:21;s:22:"extension/modification";i:22;s:16:"extension/module";i:23;s:17:"extension/openbay";i:24;s:17:"extension/payment";i:25;s:18:"extension/shipping";i:26;s:15:"extension/total";i:27;s:16:"feed/google_base";i:28;s:19:"feed/google_sitemap";i:29;s:15:"feed/openbaypro";i:30;s:18:"fraud/fraudlabspro";i:31;s:13:"fraud/maxmind";i:32;s:20:"localisation/country";i:33;s:21:"localisation/currency";i:34;s:21:"localisation/geo_zone";i:35;s:21:"localisation/language";i:36;s:25:"localisation/length_class";i:37;s:21:"localisation/location";i:38;s:25:"localisation/order_status";i:39;s:26:"localisation/return_action";i:40;s:26:"localisation/return_reason";i:41;s:26:"localisation/return_status";i:42;s:25:"localisation/stock_status";i:43;s:22:"localisation/tax_class";i:44;s:21:"localisation/tax_rate";i:45;s:25:"localisation/weight_class";i:46;s:17:"localisation/zone";i:47;s:11:"manage/apps";i:48;s:13:"manage/owners";i:49;s:12:"manage/sites";i:50;s:13:"manage/themes";i:51;s:19:"marketing/affiliate";i:52;s:17:"marketing/contact";i:53;s:16:"marketing/coupon";i:54;s:19:"marketing/marketing";i:55;s:14:"module/account";i:56;s:16:"module/affiliate";i:57;s:20:"module/amazon_button";i:58;s:19:"module/amazon_login";i:59;s:17:"module/amazon_pay";i:60;s:13:"module/banner";i:61;s:17:"module/bestseller";i:62;s:15:"module/carousel";i:63;s:15:"module/category";i:64;s:19:"module/ebay_listing";i:65;s:15:"module/featured";i:66;s:13:"module/filter";i:67;s:22:"module/google_hangouts";i:68;s:11:"module/html";i:69;s:18:"module/information";i:70;s:13:"module/latest";i:71;s:23:"module/pavbannerbuilder";i:72;s:14:"module/pavblog";i:73;s:22:"module/pavblogcategory";i:74;s:21:"module/pavblogcomment";i:75;s:20:"module/pavbloglatest";i:76;s:18:"module/pavcarousel";i:77;s:16:"module/pavcustom";i:78;s:15:"module/pavdeals";i:79;s:21:"module/pavhomebuilder";i:80;s:18:"module/pavmegamenu";i:81;s:20:"module/pavnewsletter";i:82;s:21:"module/pavpopulartags";i:83;s:18:"module/pavproducts";i:84;s:21:"module/pavproducttabs";i:85;s:21:"module/pavreassurance";i:86;s:21:"module/pavsliderlayer";i:87;s:21:"module/pavtestimonial";i:88;s:17:"module/pavtwitter";i:89;s:22:"module/pavverticalmenu";i:90;s:16:"module/pp_button";i:91;s:15:"module/pp_login";i:92;s:16:"module/slideshow";i:93;s:14:"module/special";i:94;s:12:"module/store";i:95;s:19:"module/themecontrol";i:96;s:14:"openbay/amazon";i:97;s:22:"openbay/amazon_listing";i:98;s:22:"openbay/amazon_product";i:99;s:16:"openbay/amazonus";i:100;s:24:"openbay/amazonus_listing";i:101;s:24:"openbay/amazonus_product";i:102;s:12:"openbay/ebay";i:103;s:20:"openbay/ebay_profile";i:104;s:21:"openbay/ebay_template";i:105;s:12:"openbay/etsy";i:106;s:20:"openbay/etsy_product";i:107;s:21:"openbay/etsy_shipping";i:108;s:17:"openbay/etsy_shop";i:109;s:23:"payment/amazon_checkout";i:110;s:24:"payment/amazon_login_pay";i:111;s:24:"payment/authorizenet_aim";i:112;s:24:"payment/authorizenet_sim";i:113;s:21:"payment/bank_transfer";i:114;s:22:"payment/bluepay_hosted";i:115;s:24:"payment/bluepay_redirect";i:116;s:14:"payment/cheque";i:117;s:11:"payment/cod";i:118;s:17:"payment/firstdata";i:119;s:24:"payment/firstdata_remote";i:120;s:21:"payment/free_checkout";i:121;s:14:"payment/g2apay";i:122;s:17:"payment/globalpay";i:123;s:24:"payment/globalpay_remote";i:124;s:22:"payment/klarna_account";i:125;s:22:"payment/klarna_invoice";i:126;s:14:"payment/liqpay";i:127;s:14:"payment/nochex";i:128;s:15:"payment/paymate";i:129;s:16:"payment/paypoint";i:130;s:13:"payment/payza";i:131;s:26:"payment/perpetual_payments";i:132;s:18:"payment/pp_express";i:133;s:18:"payment/pp_payflow";i:134;s:25:"payment/pp_payflow_iframe";i:135;s:14:"payment/pp_pro";i:136;s:21:"payment/pp_pro_iframe";i:137;s:19:"payment/pp_standard";i:138;s:14:"payment/realex";i:139;s:21:"payment/realex_remote";i:140;s:22:"payment/sagepay_direct";i:141;s:22:"payment/sagepay_server";i:142;s:18:"payment/sagepay_us";i:143;s:24:"payment/securetrading_pp";i:144;s:24:"payment/securetrading_ws";i:145;s:14:"payment/skrill";i:146;s:19:"payment/twocheckout";i:147;s:28:"payment/web_payment_software";i:148;s:16:"payment/worldpay";i:149;s:16:"report/affiliate";i:150;s:25:"report/affiliate_activity";i:151;s:22:"report/affiliate_login";i:152;s:24:"report/customer_activity";i:153;s:22:"report/customer_credit";i:154;s:21:"report/customer_login";i:155;s:22:"report/customer_online";i:156;s:21:"report/customer_order";i:157;s:22:"report/customer_reward";i:158;s:16:"report/marketing";i:159;s:24:"report/product_purchased";i:160;s:21:"report/product_viewed";i:161;s:18:"report/sale_coupon";i:162;s:17:"report/sale_order";i:163;s:18:"report/sale_return";i:164;s:20:"report/sale_shipping";i:165;s:15:"report/sale_tax";i:166;s:17:"sale/custom_field";i:167;s:13:"sale/customer";i:168;s:20:"sale/customer_ban_ip";i:169;s:19:"sale/customer_group";i:170;s:10:"sale/order";i:171;s:14:"sale/recurring";i:172;s:11:"sale/return";i:173;s:12:"sale/voucher";i:174;s:18:"sale/voucher_theme";i:175;s:15:"setting/setting";i:176;s:13:"setting/store";i:177;s:16:"shipping/auspost";i:178;s:17:"shipping/citylink";i:179;s:14:"shipping/fedex";i:180;s:13:"shipping/flat";i:181;s:13:"shipping/free";i:182;s:13:"shipping/item";i:183;s:23:"shipping/parcelforce_48";i:184;s:15:"shipping/pickup";i:185;s:19:"shipping/royal_mail";i:186;s:12:"shipping/ups";i:187;s:13:"shipping/usps";i:188;s:15:"shipping/weight";i:189;s:11:"tool/backup";i:190;s:14:"tool/error_log";i:191;s:11:"tool/upload";i:192;s:12:"total/coupon";i:193;s:12:"total/credit";i:194;s:14:"total/handling";i:195;s:16:"total/klarna_fee";i:196;s:19:"total/low_order_fee";i:197;s:12:"total/reward";i:198;s:14:"total/shipping";i:199;s:15:"total/sub_total";i:200;s:9:"total/tax";i:201;s:11:"total/total";i:202;s:13:"total/voucher";i:203;s:8:"user/api";i:204;s:9:"user/user";i:205;s:20:"user/user_permission";}}'),
	(10, 'Demonstration', '');
/*!40000 ALTER TABLE `user_group` ENABLE KEYS */;
/*!40101 SET SQL_MODE=IFNULL(@OLD_SQL_MODE, '') */;
/*!40014 SET FOREIGN_KEY_CHECKS=IF(@OLD_FOREIGN_KEY_CHECKS IS NULL, 1, @OLD_FOREIGN_KEY_CHECKS) */;
/*!40101 SET CHARACTER_SET_CLIENT=@OLD_CHARACTER_SET_CLIENT */;
